排序,标题,热度,链接
1.,扎根中国大地赓续中华文脉厚植学术根基,,/l?e=2dc1ocS0%2FsdqPbaUzd%2BaYu2lfNnpaxe2JHGblUpWrbM44tUYbWve%2FtLvY%2BoNRwIRFODbGGqk78qieNU7%2FooChjbpKumOvZb0R8vL67gtVIwNKGRf8Bkaw1XRgOkrTVbUQM%2FiDqqhcEa2NB9yPJ7Q7wldSAViyc8%2F6OJdaxMyH5SLd0tkcIvvx%2F5ocHT7dAlyS3%2BC1B7PiAgGKcizSaya0tKfIHCUYsLr4xHWet0vkeE7DYfmqu0S%2FKhzjfq4NegogC61WmSvvT2UIU6Y22k%2BSB0DXr4e9ioV4UDgv1jlugw8ecwi7HYAqzzHIdgiim6MLeOV1cJvA4%2ByxuovjnLONI9KJnimN5YbDgRAS7L4LmhFnpWaC%2Bmv2DD65wxAyEp%2F%2BSwOyC3VmXKBsoXvhnf1uS0XFm4ul6ZWntmGiuCgQApzsvnXR8h4Mq27mWynlJKV6Hbr%2FaM86iB1QI%2BtUJJ9lzP5F0LKbVF%2BetFeRnNx%2BaIz
2.,外交部回应优衣库不用新疆棉,299.0万,/l?e=391bLc5ifH1keuvJ5wovohNUwMsznS8Je9wijMEC3p%2Fqc0R8owxg1%2BL8NgfOQy6GFE%2BIQgawAQyhN4gmrhT1H5nGwWgAId3ErdfTyvXVmfD7IS%2B16QhI7gSeUmZNvm969ZkB2yowtEowMFSb3%2BGT4mxuDYyzFXVxKcc%2FTgmKYLVk993glwWvFnJ0pTqg1C%2BK4iJJ1Hq3QZwIh7EUmzCTmwavK8aVnCdL7KleetZc4CLEeKkfhsjJfgqPKj%2BIVf%2BJDhP6zoclmm%2B7ssHp2ERwH%2FRJjzB6rWdJi97dN1elbPSJudZFPkAc2d6AZu3e4pxpjby2Opr57mILKqOpsOS%2BDLAsbxXpWdeGIzLyGFNRMmTNr8TrBlikmuw7JcWEXCebhPhHUGj%2F
3.,春晚官博回复檀健次春晚相关,晚会 888700,/l?e=8795N611w1bKa682ya8IqRy4N7e8hVN2POd4QZNpSOjItol4xwm9H1Z2FNb6c7WbIrRyQywbRcxnX0d%2FI7ZaP%2B3QVS37fXROBAHtin8Ed09NWMukEXy9uvrI62eJCZDnAeNOE%2B%2Fa8QJMBL322rwUFboLe6qMwskoGz8LvaIgxxRp2fBnoa6FJKZ6Gq4MLyluCeEIXRE2wXVibypnt%2Fx%2Fcy5IEmqpdv5IqqoxDn9gD%2BcmA%2FkZal4yK8TieP2pEzRBbypw8RnjTFZix3nkwOZKTrQDyr3CwODOUZbJA%2FvdGUlzHPjfHVbWRKo4FHXEu5eavAr1UCWKubqHt6IM21iIltsX40SZYh%2FXiHiWS9d8EiN9HD61lXcjtPGU21YFoU%2BJRyHVPKIo
4.,43位志愿军烈士遗骸今日安葬,81.3万,/l?e=f70dTwQstXu2lYX8svM2c5qdSLavMGQv%2Fv5dkAdV%2BdvMqv%2BqthmKz1OULiGSLzaeojJsbpRU%2FWN1DrIsOsU5I5jCHZ4Rd2N85RRJW1ijw8mKbawKik%2B3%2FzoNf6Q%2FchbwEcclI%2BBgPC1Xh5BuJufO4wSA10QsZ%2BlxDM7seMnRGFcIhpV7fxeueyCFyykQqbt1Jl2lmHZ4InTnT%2FtZPDs1mJZVMCU4ywdZ5I3GiEGQzhptBhpxsGopagZgGUCctoQVQldC04TFJUFWPS5QxIgkTqk9QwpmEshtDOc%2F9Lmy992HjzX8ewpV9kO2M8rSuy3%2Btk5EoWZgjG8viV6y8MH44sEa%2FFUBwpMard8iahRU%2FqsCiENmndgefKI
5.,韩安冉称do脸模板是赵露思,76.2万,/l?e=e84eAVNgNBVaCQwC0ALPTqwWFaQ0q3L3a0zXmceNfxaXkO9pLTkrBBdSzAUYc94Bw%2BEW2zG1uiOHqxOpflsH%2BBeazqQTsj%2F6BsD19RNZri%2FePua60Sg%2FJxYrHRm%2FW%2Fo7059hkEekhEBAFY0Wgf9td2LU85a1b%2BvPPZlY58GFnUvWcETTgdt2bodybKjiVvG50mB4rIWleCQGNZNfVQDWb2jfqJ5OestVKmVjWQkmWnrRYqVRcrWCVxBIMrmf%2Fc%2B848zgNum1K%2B7StaKM5cKBPaoZG%2FH5A%2BuTTu40DpmTJ33m9wYSmfeyCs1UXhuy7XZjgJIKmberPP2A3EpNpBHH7JkJ2iVxW2RBgXs
6.,巴黎世家售出8天后要顾客补1147元,66.9万,/l?e=e295WpQVDIJyu8P7Pguk1SU9ZOwniYUEWMUOyXYodBUYFd%2BHfSQ%2FVQK73r%2BXWBWQcPqMnGcfVQgIdbsFhkw3p02gL5LF8cqq74Ky4rtEZ5Lkvzwzy3TmPYAY%2FEXkkf1yM6pI23kOHVSGsBmKU5AcpgNIrd%2BUkiLX11xcc4GpMfazifhv19IwMH1fU3HKcNfm5GVBEAjGupAxZyiy9O8awh406me665MCrV1lx7NlbpXytEtOWQbiDbnNIFYFLijhCBBoZTYE90mDrEyzoUBbmBXTbb4GuNcaT9Ob%2BznDnRMj2VGBRbvguYQ7ulkleCBB7xdzRHOWCR%2BI%2F25Qgv9d56bweATc1eMltFwsSqBvecY6cWRv1oHsmvgvyl4%2BrFQdYzVO%2Fxhhq8gf2BU
7.,印政府还在用被封杀4年的中国APP,41.4万,/l?e=e06ff0FuY4d4ZMFkStLNxhV3fTbGZKNvNvmCyQjOgpjsz0%2FwT2OdViJFgN9EFH9UwpyGGlkf4OUop9YIaZYKPeJc4CBNW1rs0XCI8bnZQLQ%2FWmYezYCagBSNiHWP6w2aQ91In2iU49efUpDJ4DceDAtmifU3jGpHP0P3%2FFXn6J4qjYFLp4U5dHZTAffiUZHczfogMVWHq7XNW1kWZVnSpycHR%2BJHbECqO86WjDAlaCZJwFwzYnLsUXsPZNIjHCSM4pI25sYfs%2FLfdVQcY6ojZjaXeKlHdUiSI6eZokeVaKaD1LIXZzuwAN%2BWvxcPBEdkNCrDiQ8FEwiFF3pqNsmS6dStLsoa42WVY%2BfAJGeT9np5sUbGarSu6ECfNwqcKdKzCXl%2FDScYckMm1A
8.,星动剪刀手养成日记,,/l?e=5579h7TSCN17zrS0hI%2B3bFeCd4cSMgwxHGlkT0k2TLD1fE5cDzdyu5bptM9WMhK9bHcxaOQUg%2FceXro26M7K%2BFGBjCzXbYGT1lzS%2FsR4QcDj%2F8FvdUu3tOciUI%2Fqe2mqTVmnUqT7FXw3j0wyno5F4KkuJWbis4n%2F8BfUC7xdAiXJRk7oTV7pdT0GhEoygFq53EiKtJJgp%2FbvYI5%2BJmUw2EXoqbrYuU5v6UbhAaR%2B2pofsE3wQQxPAIyRVa%2B%2B36uQFEaR5EvRofxxsbXWx1YxJOlRG5wHkziPqEWz%2BbX%2FC0sltuEmJDPGZy1r
9.,鹿晗回应喝多了,41.3万,/l?e=059e4tQl%2FVXU%2Fm6Jgfias8stZmHRe6xZioZfc3pgdihSROwdYBxQo5Bh2R1VDqYKsplRUEDwZ25kAp2L%2FEdcmn3oNthPG%2FKJVp6rXDr26KUxhBJWMMtHBH%2BzgLQvmOxuINBqpj1tFNol1t1fCvYP9qj6l0D2U32xo0oCML%2FuMPIDGvyW%2BXmmzPNsofwKwuW1Ed%2FAQ42XQdK3%2B6CYqXP7wI1D9XQ9QzeB4YiNuhy27PN6DTDxzOsFKPNPtzLPAVGYJRJ%2FC9axnHIaPRIu
10.,蛇年春晚标识有什么寓意,综艺 411590,/l?e=5306eg%2B18jUnqEUnI9FEnGk%2BkfhvrmAdSbjF9iTt0zDbvOQ3rw%2F%2ByAUJ4nRdkUzNSX435yMP1Ov9NzkFyNF8iQv9M0Nj2DBNilW5bYCWSN1QIDE2lLohtrcNf1R84X2pYLRmHbrTLSwGyurqIZlHpq5zTpkuMEnckufOZLkh9xiT7v9GrEj%2B8j3a6VNli3U8ES4oxB3PH0cKpZBsX3GTbmQ3EASuHaBp%2FTbceCbA7X8MT1IvZTPBo94UCiFLeitGUfAeRWZV66xPtydEU2q0gb8hWH2DzG1UiHZ2DyO6bh8f6rlDhrA9sZ4BC4jqkXUSG4Cpd%2FLOYseXfNjRt5AU%2B6W%2B2ffL6I8p
11.,A股三大指数11月收红,40.9万,/l?e=9c71YnElWOROKxvSwvoKRTNyOh0Sv00LWGS475alpYK%2FJBtiaB8KPnPho2AFh6rfVAb%2FPsopRwGjDCgYnNEgaHY1X58617P8qE%2BAJOpbi53LgfnlDvjmeaXEhrjNJv%2FQpLjRFtriXq%2FPUD%2FguHQHKvSMrXsVdY8ZEvJ72vI5rOQDjzKtQ5DnglBX7vv6TVQcKhOBPSGToK3Z3zNN49HxBOkpY9PAbk5GIlgidoKRNOihLSW6Wd6KgSASpEMiuYVwTLByMaKt0zOWUJKYeN717gR1%2Bf2BU7Nx9oFMh%2F6Z
12.,韩国人的精致穷,40.6万,/l?e=0715Ed7t5tmpMv7IKAL1Hy7jmXStCb6z%2F4Ei7FONUxVKfE0j9Fhdl7rZnkRXoLoKAb9%2F9Be6Am%2FCAxaXDOUD18A4VlE3PtzxpCtVxx5ayPAXDmbq4MOKodjYV8%2FHCrEvprJr%2FCKSDXOE4mtf6y9tD7PTslsbe8rwn0hRpzvAMFmtG0li3i2U%2FPdDvjfDf3qe4hdKu1njrGqiNLN7ZjdSMWnfv%2BauOYjZYvxQk%2BOIRj3ORSWTcAzzybUrHoumFJdlfeS1XVx83uiAZ2Mv
13.,17名男女KTV聚众吸毒被一锅端,39.7万,/l?e=ccc9c1Uu8nWGrBjZG9rTbYUBM1Kb4oe%2BSkUKPsKwm1dMQIlOB8rugEveu0mxqW%2FPNTXFjND3XJGuJ8JoG5GVxjf4zMBZSFUEjTAGLYbk%2FCuRa1sjgnat%2FFsgbmWluMQVjnYhELyhgXyoTOB708n%2BFtGZ1uqJPbi6NS9ck0x0ZQUwUkidddCTdjAKu3LmsHxqdp1dqrygnnNQoV1IXO1uu5SC5phu1E5L1uDBUfHpTSGHjq2C3m3doefrsVp%2BdFWRjJpUMbd15abtFDPmY8qb3oEYGAABSlFdAvmI5bBaoi%2FoNowVzYLcm%2FWLR5EmvQcsClV2iB6pLuIhxiuiiiP7THT1ah40bmBx4VYY1Hk
14.,鹿晗好拽,37.6万,/l?e=f3bcVE9ij6OrtsocOF0ebNWuaIHhILuUuF5u55o5HBZjmezew4kRcafjVLnRi97egV3nxeYop74ioNFHInz35bvnTMcd%2ByQXnhurWhvtoHZKWbgGXUZGUgb4XU7JhHufsfJ5bwZYDs0jm%2F7O%2F2PlrJc2R64g5HuOCzazpYgxJ6LA%2BkxxIl%2FJZJiEAYSQ9G3XI8UnZmfsqcQ%2F73jmuGE1
15.,再见爱人4第七期视频没了,综艺 334653,/l?e=1d45QAKoHuAOSFa5fTmk%2BL1MWQI1ExVzHtJQoOl1T2jmDXvm1kHttKQjerNwI5y2ujC1s25NtEdCi47rRkjVgK2SQ0uJSu%2FMsqB%2FjmmH4eq1hym2XOb7Xd1p9LB0nmp8TmN90RDwgQeBxqzJ%2FusNOhK3SlltLPHzMrT7%2FRzu%2B7KQDEZg4E5Qt9AiYwLg9cVXL%2BUjDg0GtdW%2BVK5FO%2ByDMKlk%2F8jFaRCvTqVqFuRdRDR8TzGROVSQ6SoGuttK%2BuQAFVUbla5O%2Fz42O3G2lyRhOJrmSUy2z3s84gxIb%2FGGgCEOSmE%2BonqMd8SFIRsd2VdaWrfW8oHFHzOZiMVtnzC0hicsxTtktvpERQ
16.,导致胃癌的6个高危因素,33.2万,/l?e=3b82pkV0sFSg6Mm7QbYXocLA1zmVO0OLwLOOWMcWp1OpQmnsaSuzNKIP4sEhhfc%2BZ4EXkOnEGYCAELKarRDvI%2BPmspSPJb6LAbNy4eXAqraclOUVfNxgxjzXinXQUOSRdpZMlYMhCFZkvuOeXik4%2FjSsOoPpXIKY3gJ9zw6ETSfXzX8l94Fjwg0P0w8QqlAM4ruPPTeWQhNMd4uW4uVidWN0TqteXL2qOtTdF4zL9q%2BnIRBMW98hOw0IUVj9q1dGsnbRGJ%2Bo4r4jJTz9czW0Lb%2FXLbaTZBIIy6LH7n%2FDiFayYB3mlO9xUn81KfrRrr6VXCB98TfqEo7hjA
17.,黄雅琼回应郑思维退出国际赛场,30.2万,/l?e=a03azMl9rM707iaDpJ8SCdWyr65PR%2FvvDWj4vTOq3PE70d9VHV%2FMCaUTz8FCCLXY2FlLDEzu85Hwa1JBGf9UjYwMrTujEZC2E%2FKFUWPFnLPYdazIcHtgjt133j7fIw6xXXovBgx%2BHUsyUOGicjDY13ZuZtpUk6tE0btLuqu8L5%2FWOf8cx3T2pRkqa2Qa87blsnWqUfvQp79ZgZt0%2F0GVJ89vGrbsUNmaWfLALDmCjevgsG1rqfn3N1qpFgzn8dlrFjG8uNj48KzA%2BitokdxBYeCE77FarDr0ER0E28otWZBqWkih2jCalAxak9QHs1MWu8ecDKmKWthI904jNInqhobyfsWi2o7VUBhr%2Bahe2f9g9g%2BXTxd2gRgIxLUoPxj5U9i5DrGe0jXnZblwjN14M%2F1%2F70Hs
18.,美国女子抱婴儿袭警母女都被射杀,23.6万,/l?e=2f1ewhI8q15fx0XboN1tERUi33vHIgwqUWO9GVpZ1kSaaXu5DWgFKnYwOBPbALrRP69Y6cM5n1Rc1QlHpuLwMhcLWfupuTR8y7eN968gTVjm8%2BZtpjddJcenO1aAQCJFmZ1zfVto9yZGo1%2F%2BZTth%2BUWLEvpUAL3vg%2By79DzMsZasydsrXSYMkTe41%2BRQ7CWkCDwDfFn5Ctf3zjYEa04JbEBYfCC2RY8Rbn37EJeKpy4ZBK2b2KJWVSYT8c5Fnnar4GIx5U3v4fELfd7lauINLpFQapVxPX2R2fiO059yJ5jN2OeHj4JY%2BE3TH2F0eS4bgeTTuGDIlm65HqXoKFmu50fGSFPg%2FlYg961yDns4HigJin2eNJYIAHxqGaCQGFeH4ZT5XrDQw7vNJRlPeNeLhvMq4J5s1KlN5M5gyQ3RRlVlEDCE
19.,官方公布冷藏车厢内8人窒息死亡详情,23.2万,/l?e=a033v%2FP%2FVfruNgpte6vy4b0qZAirzd2zX6ucmIzV7HOo2J71BEzxt5JKq5jzlVPffPH%2FVDrwWI3JZlwGycf2Zb15EyTYtcUcm248tWtThEZlPKiHr4UflVMNCRfq5dykluRLhxoJyXEbfkP8NQ%2FHqPMvYHgiZX4rULzPsNbT0Dr2rsR5AwtE8DNbdzl%2FNWxS4iMtWIG7Inf61Jv9WA5LKQdpviBxIZ6%2BD7hto13Q3aGcIg9fAxnr%2Fza0B7E12rxOACSPgDo1aDqukEM4mSmb9kAAfpJI9P5eNvmlQbp77lXo%2FcYqXknG%2Fmq%2BhlntI2WGQplpQ2l4fAwPmmnvP6E57h9i%2FRy7Hhb68p7p2VAwiWfjENxK6ct5QnblyUzC6mHIafStkYaQ4%2F6iF4MQsIDyZwBOi998QwD4gCi6x19%2BbrNuub8yrvKAtrEsrYRZQ9prEs0mcg
20.,蛇年春晚看九命相柳,晚会 229738,/l?e=34e0dZ1A0MsLdof9C9lWH7qTC2oJchS4gd0onYWIrpePIGIE4YwVmXiEyPL3XZlvK%2Bl%2BaicdqMnO%2Fpc8G6wtFfjfDA%2FwNaSQqIZvwG%2BFyocPm8iN99asIT55NiyIjDvnfB6VmqN1PPxJaDE6n1StSJTAbsklx0Ycr3E2RZyGVjkk7CiNSEi59ZQDWYaU1m4Jvhbqnf140KpQGR%2FXdiqPqJk7E9dJdfOKAlaNU2oqxyovlz2wZuVFJXzN6O7Oy63ss5iFeYNKYsfXGeGc%2FhUCaFzSMIH%2FHcY3jzResi54kg1rwIy3vDOywESB
21.,张婧仪眉骨阴影,22.3万,/l?e=d85fPTKl6eiyM5EtQSgLjPVnR4FBPMLvCuLwfuxD4JfHchaRzrB6DKu8J55iQtWTy9ImOhuVMb3753n%2FKTgFhHSgs8yHAiadF8mz6dWBOJgiwF5YiGMms7G%2BE%2Fee2x0GqwMkN6Fsl0v3IgTcy8RDvsPrV2z14pdCvpCPlbAmqJ48I2SDGJrsr%2BKZJskeNCj6LfstanqCL3e8y3D6v0i1XQ6pMgqUuhHGSHfEyu%2FeH8w7S4QI9TxlmWsll9DnHWaLo1r7aAJRfa1BRO4P
22.,打游戏一直稳是什么体验,22.1万,/l?e=4686o8s9OQi1M7y5TwBbYTwhna4j2mH%2FJYy5n5RcafT%2FxG6KaL1wuQyBUt%2F4s6nkXCtDJ9Q1te1umcyDOm0YyKKwBeAPTju%2FhP7SNS9faJgtA%2FDuw%2FP9i2wQqWLgTLOIzBKQhi8hYFt%2BFFpNKCElZiFTrfWZJlXPU%2BEUfX2J20If7QrkyzhC%2BH%2BU98rU%2FZzD9BhGuc6c8FUGDL6QFH6%2BMnxtQdR3rmKtFgJnKE4JGxueTYrBsN7Hj%2B3jDXn9mgsbHdAqiHTS95dFbM2q0zkQ9SRWKAls52TeTUpjUXd7XUtcOZmEFxy5WAGeBuH6Ry3TGrFqV97OO6GNceGjwXpjArforSvtknwg
23.,中国游客在马尔代夫潜水遭鲨鱼咬头,21.5万,/l?e=42ddUYRC3zE00B%2BijZprw3E7z8ipRpLX%2BUAdbvyzfrl0Ybm%2BviObVmXBu5unvUEr4lweA58g9RrmJ9eFfcmz0dAY8MJjg0E%2B7nB0zlKOYOQOIqtoQuoIi88PxThJjh1wJEXErYB0W5xJyJZoCpkkoElpba%2FW0uAGznrkWs6Kga4y5pvG95mJqHX%2Bpath8XcuPIvJPsa%2FInJPdSf3BRbuMDkSNs%2FCPbc9E3L72h8tfr5gfdR1WfsJPHSpRZoojcZhnU2t8jNSPhKf0ltLLnX606YIMC3fHw%2BOliSTtRFAv%2BPtrkkBK5GTZ%2F18Kse9xDJ%2BkeOmAZkB1nUStSEvZsOzonJzJCuiQRWaV7sLI9KoLz%2F0ENwmbmLgoS4yRD65VZEP3R7HX8eu%2BUmIQS7dB5etdPy%2FyQKG0Vb0TBlvcwOGdyGPP8aa3y3c8cEeHteUCClXcJ%2Bl
24.,周密把周芯竹买话筒的钱转给她了,20.9万,/l?e=4459n67dR2a0bR4QIHT8bo0J%2FUEI9ExqQhn4wR2PoM0bGd%2Fx6HVBurEW%2B8PR4go7XLXTpHn0GwY%2B9Vn16vXUJmVAHwnSLIfzjMtqyqwUfz%2B4qOOcC0Cakeaxna8tjmC7qqJZmhHa6t8SWm6V16%2BB7ilTlEMPgjLsm1MaYW8T4Zv2VdbHX%2F02mqJYlul0ynsnKr7NaB6mHniDQRt%2FE6uCofp9stxn%2FgfRndEOiqbM%2F%2B2H2NdCI8HmHY4F5BM6O2fvPSReIT9GPOebXZvVZJ03hg8X6f51JJS2MH0sRhxjFAUpU52SuRZ6KFXbJ0FovMMptBmMwq%2BXgnflU22ucFXqxILRf003w5xmIW55q8cq9BYs0reKYGINjoysHoA8wrDiGQJ3%2BrGtMrvn%2FJ8AyqJLY8ek%2F%2BBeZtvOwdyxuaeSCPlY3WIv
25.,冯绍峰接想想放学回家,20.8万,/l?e=e0b7TzaPYy3VVFrziXD8Tfvij%2FAKb4TQckYpTDxlIMZaCRmVcfoE5VUuNoHlQJJeTV0oFuFR%2FmjJ9ZBwgWftKojZ2JanEL298qaKZrCE8kS8bdnzrab0aVJUnvrnz95wydsWoQ%2B5ItVbNB2c9YlVXMG21sTOQz9Sc%2BG%2BraZmJfafrQ4T%2B313aMaTd03hgi6HmGKM1rVXEY4VYGndjjeq1QTZMENUl4LgefOU%2BI4MjWDf6%2Bj2DC6xLz%2FWVUbQZ%2FsBSoTRtcR36nDni7DDgTHEJqOXnhV8fvtSLzV1HmRQVHG1yGfGzC4zdETa7aP8FtYWWGlICwx2%2B5Z6
26.,林一长沙活动取消,20.1万,/l?e=2edbvYFyfrj1Qkg%2BXJ8hdt4L8OtQQe9nNhMVpy3MapznC6hXC29ZlYcL9wD2O3SWQMOxpVUWFtQa2E%2FlAqg3q6YQsKQtVCamRawg9RGIHX%2BU1CLWcJMdz12nkc%2BxqwIfTUhudTTNZl8eaW0emBjZ74EHgdlVFB0DgPyo7kI6%2BHcorSnxwqXdcUmqI4913MKXFCuzYP7mp%2FBDq8INrhFI7ABinWBg%2BmV8RiRqav15bY48Oljw9qotTrPnZVEyZDSUqC%2BApF5lvgHIMxrJYWkNdGzbEOHmRbIS7o%2FC
27.,郑思维回复樊振东祝你我都一樊风顺,19.6万,/l?e=8e08woDSMw5k2eBLNZl2gQYAG%2BF8fnQhw218pvhJY1atT9ccM1Fv3iUGQRUXXauBSlwnT14IB3ju2V64RTUD8mnmpK%2BMero0p9wX3rWs95XqBveII%2FF0v%2FTvx0B6ANRiq8LIxwP%2FZFIE%2BcIHxaWKIq%2B8YXsEOVhj8oL5ePap6X2mn2PIQMVnzRB1pqlgZktzfyk2yVsYH3n09kMs7Qa12R6YWLXHI%2B3jg51EAZIh8xaqiC%2Bkcu0xcJQ3KJ%2BHFHcapJ92bueF4ohBnzhbzGdKUeNJ%2FjFlKujNb7QmDb8Yp0HuXf6ZA0ejzS%2F%2FEBLSjWY3rv4SZlCJSgBPxI1iqO3ySxTWsyPai%2BcCujlEK21t3VJf%2BxneY3oOjDFccrJ8mYcNqSTk57djiWP4ktKBAve6Jv63IfQc9zl4%2BheaxI1o7vh2VAm3e4omf0keGs7Bd7mnSaMk
28.,安以轩老公被判处13年有期徒刑,19.3万,/l?e=987fmV8jTRG8JL273JUrgR2aQbKC24r18URd8Dz7KAtwVQUij3x6wsUR1XhDMhKsQhlOXuBe%2FNORrZEhOGAt7SsF8PpzbKBMaw02QO4xQnpqgTik2BSsesqgEu1iKdvCcr5pMoDih1%2Bdx7Cy%2BAv1CH7ugS%2BmK6Kk0WLH%2F8D2jlHIeFghRNImSkNL1bFbnXchItD0eUiWF84uvmhp3hCiQsegvQ1WAk5xl3CP1q4yDN9jX0S3TQshKicy3SL16j58JbVkDpuEIvGy1QoF2nOWKrJcIvd7lCFYrgVQ42j6Y4WENPtgb1NosmhAYiGLr2LPNgTDAGyyHma%2FlasFr4VB%2Ff0gA7H0%2BmPCF0b0l%2BXTJyNOggeR5YDY5YhPfYFKWBOsTmLeasB5zp0
29.,女子在中医诊所遭性侵医生被刑拘,18.8万,/l?e=92b1U0ko6cZnh%2Fyb7Vl2BMsHHmT4xnxSiDHkwMy2i3w2be%2B%2FnYGJTl34F8q%2BdxxAnl507vOMxIh%2BAHhik5ZeaDOka4O1Tnkoxf3tK5Vk2hlQ2ByWGpjFj9Nji%2FV%2BtRFNNPbLcQL0CRypsbbsO7c%2FOO6RYT1wA1vhqUQXP5UmuWUezytMchD6F9sUnfWn4nm5yfXC4Czc%2BK7ful%2BTK8EKWnas7M5O8ZV1LPCiWstNyiwsdBN9RxlJJmLqr7LaXL1alwkSB5APqHYMx2RL8q8rBOHrojfvZMyYZqV0ybFHQDUHWcC5HKTxynSQsLrY7aCnjDtAJvQ6Vzp3TGnInG9bseh%2BJCLyEkGJelJbcDJxsX9zhLL0raaWawWDQbmolD%2BmUGRycD4AHk6Z6p4j4WuhrenEr2GQXu1B%2Btk2vp8yHHyUf9nt
30.,蛇年春晚官宣,晚会 175129,/l?e=31b14o92iTZA8ksylWDuqpsxe1d3dZbcRSlIGmXPXQDS3HQ%2FHWZz0ySD1SoMx2JczdkL6DG4clPKQcCAL7Su7Hl%2F56rdxf7Ep6ItVy14YqnvIk3J4OLk9%2BnBxFB4skCoKGNmGwLzkCaUUtmtpz4TErJtNxd%2BDozSAeH2HJAGnjE193RafK4Wn42zRkD3HesDFhgtx1ClAi0SwqyNcV7G0zaVnALJUdc7g48erI36uikNz4hDj%2F1wBkmuHSeZ
31.,郑思维说我在杭州等你,17.4万,/l?e=edb1HOV71LGFIEamtGGx4JDw5mXkW2XjqXwadPMA3CixAhKSz6KrGh1AZOxEb%2BtrVxh5R5tFHVQNb73BO%2BU%2BW%2BCj9XsfDGxcwPAzaSJv%2Bkh3BvFjTh6ipMKTpIgch2td96%2BFyqEWkvlsHpGGINE4HxybsG3QzeCI7i8Zg%2FqxWuvURDfU55Fzjzf8oCGobfEMNi%2BJuXPxq5nM1yQIhJjuhM%2BkYtYBcezES9doX6GALUSSzhV3tSHx47hc%2BnJd71T3HUrBjxRKogFetwZmAZPU164XSJBdV8cfXK6keGYej5yUgqG7NX9yDHXJlP3%2FR0%2BrnwR8UWEfqcOw
32.,王源头像P了个新帽子,17.3万,/l?e=7dc8JkPh5Za3Nt3O9GbMLG%2B30neztbP9juxNvSh2BLGDfKieqy2UMGr7koSgTelr4sEz%2Fj%2BrvOaSUK%2FxtNvU8XQIhhWf9k1HkCY3UoDfukeLU5hvMB5r6MQYqe%2BRUW4XG6EhVpC0GazVmcd%2FQKR5yIBASyX7OC3434BN0Se6I2QoLE4DZShSptFzVeR%2Fzse6aL0BPlHnozKaHhq8g%2B9SRzDo2puEatCnaJvlJ2wdtsi1pmzYr0uwQxXlSntmkhwaMQ5m9e3JYLazvPCj6Ns3zTIHzZg3XgH%2FNpvs4NiECafKNBz7p9IwMK3euw
33.,为什么刑侦剧多在东北拍,16.9万,/l?e=7ed1zuF%2B1%2B7kiJBytVzVS8r6ltrdQImfh34Fhm2KI3kFKzQb289fC7eupB4psuEU5XhEY2jCrbH4YzfFgJVYYPN4IUzaK%2Bh7E9fipeDcvouUlDac5xzZmVqPSB%2FohjQLEtZW4YqkvM2UAtU3QGfxYknr%2BLrM0wOh5zVkCbhpElBzpOp95lcV%2Bx1DWVo8IweNcvhNeKTH9YkNS%2B5ofI%2Fe%2B%2BrSTTagKPLovwknbVvSX7ehoIgInJe9TgimQygDjcLaoimJP2ICXPRsDCGYdoRu0p5g6GfLPg%2FWj88GrhVV06xa9%2BZgMBh%2FIg5AuYeoosGwYyAb7glo%2BOEU%2BsQN%2BzkxcLFVqwRDXpYa
34.,iQOONeo10双芯战神,16.8万,/l?e=e7d3UDeqNj7kBSvDrbjWqXWitwRpM0nDA1be7Dyp9kVkozsSz0BuT1jz0wkmzGn8KRnQ6Gx0vrfzVZm0ZQQPOdZ8S9kNS6s%2BpB67k8LQhBR1MDfiygdvJGDbz6P%2B3oTwV8ZmofCit4pux815n1Yy%2Fqfcnj%2F4cAcuCHJQonurJgFC0wZNudsFwqWnXq3pGJhtcs5ONf6hDNLDv15En2Dp3L8bmgf6%2FXt5
35.,辅警因为一次好奇9年后救了一条命,16.8万,/l?e=53daKwDMwVhGJ60enhDpe27nj6H9zqEtj5XF9MmpSvHkU%2FKWRphVyE682Ht%2FTUMIyUyVgj4pF8Fo5thG3of9tWOZdFw7cR%2B1eA67I%2Bhu532h8VVwJ6SajrLljk4iAvFjoV2FIseaFgVXH%2BTXfvnU1zxNcOBf%2BAWCq4bMQbHVzUGDwdSXoYISNxoWDWMO5PNoFhkmwIj4DesXIdHD%2BLU5KZdM2h63tI3tQ9%2BNWfW0fPQfhNyyRkzeFHId9K9JaUxenMCu8QQNaGXoAv93UygEyAS12TDFfiF9Kx9cdwS6sMM2Z%2FDtAhPZkZUiC8MvSJfZjeSeyhUTG2GHfWo4jcbEGwiW88h5HtFtpMJ2XkQy5VFgA13jtmRLtjStf%2FwPZ%2FfHyCBNChf1mI1vuIr0O%2B7IjOgKEosr9PGqnr%2BgX5sxHlzARHbtwQ
36.,年轻人买的水果半数是情感商品,14.2万,/l?e=cfb2hr78cSBrNzj3RQ9k7UKcwmrX%2BzX4GnMlMSjsi3yrUGxktjw9Hz1vursx%2FpBPFf7ocEmpeHdedme5oVfOImDAJPR%2F4A8hRAWEDdaPVLwv84oqVs4HNqF34eL0gEnTyhimHTL9msqKq0dbS6XJtePItlH8QSGwWB46NSLjLHXckl9Bdds68KqpMx0GXhXLMZTj7atWH8KXcBkS7ZhuKD%2B7a0b59P0z7ctaueIfWHzQPxey%2FU%2F5%2Bqr%2B8tP9B%2BqsQpZp9%2F1ubhrFSnZneXQV20mKG3vFjagCXKvGkibLSfhg0C9fVo%2BZoWDP5UOWOKjL%2FukdBNdMEz764oQ7wJVvNZpoXnkQ6SleL9pCKlDnjoe4rxUTZTKpnxb0Aew8B0Qt0h8tqBDE7VFDo5sa9%2B39tprOvSub
37.,周翊然周放一搭嫂弟二搭姑侄,14.2万,/l?e=71e1wCjCE61MRMD%2BFNS490qkBN7jZTwYNk18TAs6pTSS0%2BDG1Zh4oDjljlyi9QNxyHUbiQqMKb%2B5wUQ6akGwSLIw0HxtMkY87U7jLATV4YYRWzwCkgkrKpMCM4%2Fy8yVvam8MW0sSaznKBs4eoZ8Ms9XsVrPkpXFodetmKuKbzEAgi9UQ97qMvyN3NctbCV2sbCYlU%2FJ51jTaRTcwXjRDI5V5ID%2FgQ8urDvGsQd%2FLyzSETHwgwb7Gt5bthg3C5XJWge11GFaLk77x4yPEGcxRGE6uyy7OBbwYwUIGTH8z4rX1YD1A6GlgRwh36SNwgWG5Zo3%2FFA6PB9IS5tLzotfK4rHB21iZr3mrtY5P0ht8AL625qt%2FvqOK%2FmB6A4oExwBostOJ46df
38.,优衣库客服已读不回,13.8万,/l?e=adb1PFnuzuzXZsGGi7ZUXZTPOY6g6u%2FbLLcwrWCkNCTe4ldDAmutX%2Fgz0qeJV62OP3HodHhvQP3zJj7%2B9wMLJhAnWF%2FRG7MhHGvQSRs2suNfBjhmHU2nwpYDDrtzn7jMrFJ7rgs7yTmFmPogLEH0G%2BCKkrcqmuVEfzTLvKgF4TBWMw0yqUnY8CI2doJTQbmvYfQ0yWnxwjyUhzvusXWzsvp6W5KNoR47CpYu6vfPo%2F9kOTz%2B0txJQ%2FRkMe9bw6NDLfwIdxKujEwktMA2cP5gz1w4UdMxyYKD9u6ydV0yq3Ad6vI3n9gvnacG
39.,国产剧奇葩婆婆又出新款了,剧集 133301,/l?e=fc88UP%2FeosCQjrsIjj8CzK6Rb9oWhr9oSg2djPmqeQTlY9ozO3AwlOqJHjrGuoXEIXRif1QoMxoJe1rsQnv%2BNlhEzVI1QoYlTSqCh2OqZzufmHVUTovvxMH8p3lrkU0%2BwpEagZPYyLxqFK5ld87c31XOlTdrR2lE3gCkZD9JlJEU1kKd8tKp1Ci2jNgchG2ztsmxMDwqWSsjWFjNCEQbqbBKmt7yBlPMwoyGyVMNYbIRAHAjwy9B%2F9CihIttsNADEr4tyLnPh3%2B8876F7h%2F40n5VMUInFv8XyDNhDm552cbqBboShcDJ1yytquPH3hLVfIKraDv0u%2BwQuyXVLvz19%2Bd6lxVT%2BrMc9uYX3N%2FzHvpD%2BVKt%2FZTb
40.,丁禹兮看人深情是因为六百度近视,综艺 132684,/l?e=1084wLHrWYH2kj0yfHSYjznB%2BFqvZUBkia52nIoly4drJIK%2F%2FggGqxx84krfkSq%2Fg1TlxnblosA%2FUXDw4heMYFfqFVVrpAG6M5MqLScX0CubyYb%2BFVXgBhNZpoivqc%2FM0tisebxT%2B7ArZF18JxXx2MoM0w1El8f5TU7nto2xZFJCGmvseebyf6Zyt6iF%2B8otCw20S%2BQvAGUPa7G2W7rzfd4qz6wegzQxNnU7CudSq58WqGddkWLw6Rm0pUzFpfH%2BWhmQtgKpHS1y65%2BAOWCYNwr9JZJUY46VEhlsm4txGy4zaxL4jziFsqRyJin5Tn%2B1wGySwAQONxOIDL9WuYLseVJzu0d7X08DpUaS%2BxttmIrB4KqI1X8mIdSLgGCTUoMsn%2BBdmP8BF1LIsZvzIqlGgq00bJWBqAlpL45M3WBeu46vDR3v
41.,樊振东对郑思维说风正一帆悬,13.1万,/l?e=5aeaN%2B5MjnqnQEY9qdfnxpAMHnZcQfqeVvRMAGLa36He98Pkg1rNIcmzv5Y34POd9aKL%2Fya0UeGweFwjaEgtaepvtkVlKJBmisjisxAkgU2LzMxunXQ6kses5GtN%2B38%2FZO1xUmloSapVzB4JWvwuHQiPrtncjmroFiujmhRqHeY2zvNRrMuCQl0TufYvCvU9cbln7EVmGUZNI7saKeqM4mWth5yauWqUabX064wGb3vY7l2C7Kvoeg06odWh6hdE19MdBgCA6Hz0rkGuJcdi8JPdjsqE39VEYE98bD9ajsgdRAa39tUuuztoEzSYEk912j0ocS%2Fkut%2Br4MO8QRJCOGkLNS%2F0nZum2QA%2FB27iYLn53M4OTkUuYVF1s3PgXbZK1bgD6n9z
42.,TES官宣Meiko离队,12.9万,/l?e=dbaa6jxL5p0KEuGSkYs0PZQXAsgxUdwpDd%2F0%2BVE6JANzHPbSqKhZPzwYATToh8bojNIQerubzLjjEPfSDwJU%2FbAXjs6ODeb3izUERI2dCrPJWy1H1L%2FwItoGlH2eGmYyyreX%2B7Rd0JFhfy9gTKEX3SwpSB%2F0t0oRfwfi4Uu0jf7bmoVO%2Blc9gINsRG4jrjkqJ4vO45BHXSRbua6MLrmo0ReZD89ugGQ
43.,王楠女儿落选国乒少年集训队,12.7万,/l?e=32f91R%2BI%2FriDxp0xTmR%2FU%2Bv4OnfzdA2c4LObkaH0yq4Z2KplH7QXak1Xr05Kg52WC8Ms7pvsDtZX1BHm0WB1ogCWRpMh56FSjd62nezUM3PFd0WJ%2FDEMfJ9FYElm77%2BddaL42j3Uarprn7Ywr%2FfcK6AgYEwSlFQmSOHSg63reNpq94x9JOaZd4dy6L3KrJqNEDrz2DWOENP9Wn7614fT9NPOWcGOUh4ODbUrvUAYNOEquMozBzlRbzohfOei7dRBR%2F5S2A6YdbBqQzyCVrfrHtfe4f%2BAbJN4LIZ8UOcYk8f3WQSHY5xuBVCGhhfE6bIiT9sAifdrsxNomPUTZA4QrE%2BKbougAzcouHwuP5stS4kCs5drdd37wMPEif3DM3wEvC%2BmFfYg
44.,优衣库在华业绩下滑,12.6万,/l?e=58d9RXZh%2Fb%2B%2BPyzGRQskHyEC6cQ12ziKwGOQHgYps2NaAn2TxgH%2F5xtOouWrTOBg8EyyP8YV9NZbwD%2BcvZ8PcRlmrV01%2Bh1P60CEZ8Ivr0aOCHQarvE2nV%2FO9ZnYM4EQeCjsGCLUQmBocP0NxbMXpTiIqaIWM3%2BUvgoLffQB47Rp7OWMB4KRe4jhcmENaJG%2BTDRD1WPiQTtfU6ZYPKaO7IqyrCXuri8RQH9m97eWSFEswmDIqlgxCcVMxV0IGGeAlkQHusB%2BI6rJ3nsLnZYl6zW1JtiekFq%2B%2FB5LG5vByNighPzhLft0dsZI
45.,侵华日军日记曝光南京大屠杀新证,12.6万,/l?e=df6bwlOop9cBzwyf1i%2BAYPp5YeseJwmja7GRXO5YBUAO5MmOVR7YkXHxGR0Xraq2Yj29sbRx6HJKaqz2DA8NRkjBVKUgnrNXPZaKg4gsh4DkhzBtv1SPsdeoryJd8eh8nSel5sRiPuh6qvEjw49Hjmefo4TWxFyNYr%2F8PeIw1HZycaHRcT7zlNu8oLR7hxR1M8DE7q8n04nU01W%2BgKrEg3RH6YGeSWdx8wmDgCdDANZ6lGXzmHVLdtrH%2FuK5IcYUns%2BSUbJ4vlKzstL1Rzf1yD9AYas8mBV21if66j6%2Bxg0JbKM30B%2BEVSj3CkOQ7X9mdfizzgio0FWqaqRj7yQR3xJm4Uk1NaDRly%2FvAHHQUqxOMdrh0uRJDXF2igMDd3UgMazmbtoU803%2F0Y%2BksOSNas6Vn3un9agdpMksSja6viiHpv%2BX
46.,奥斯卡宁荣荣 新还珠格格,剧集 123615,/l?e=21ecfpFc9XXcZhtPWwLAdHRX%2F7janMrE4YtIjhSDDvujNRCXcuxLh2n%2B5Bb%2FAcvj4rII8zcbz8jCq7lJC1S45Awj8MmIFWXKZ%2F%2F76Ei2VpIIurGux06smvCAVb26NJZJgzoNw5Beevj8almVRw9qog%2B%2FcX%2BkNw4WZO5SLEVy7lV6CBulUYqiS4EJc5ALuWzZhqtr41IB990v46n1FjZ2akIb0Jj%2FWdtepI1wcEb14Q367hVAnCzu7ty2QvhShCyLh%2FJ4hvt7QEMuaXufpXWHfH1ysiT5aAi7a0WVfi18g1T4fUrCWj%2FhCCL06MNjOI8ByDbVC5QeU%2BBRHvfCA1htU3FDYmZAeYzMIM9e
47.,你家的筷子多久没换了,12.0万,/l?e=25e4ZEndv7%2FDH3YiJHy50hFavrgK2U%2FU3E0wuzGkDpxRtMcCJbM61vzLetS3vY1e6SiFxZRl%2FErcLMICVPPm3R7c%2FsGQumU5%2FqvBbBOqwuJcy2Gm5ClaE065RGNy2FbDaj3dKyHQrasqQJ81%2Fe9t6ma939EW0q49AJLpz%2FkWokrNipwF3kC39Z6%2Fqoqoa5deBCMhNIkS1MFAZ9MLIGbf9GJlkAr6bq0xZ4VpzVQ0qkp9AgKM8HZ%2FhC3lmfZhtXSQf4m77hkx3VWgC32KucNatqYxIdV8teqZrDf7adLTT%2BUFPzNhuQmyKnLPyCUqpelYihm41SMeUtHC
48.,珠海户籍居民可一周去一次澳门,11.8万,/l?e=d97cfYfXoFJjO76WrhbtSmIx6nE%2FUCQysgY28SD%2BDQKGkHKXXiRMVKB%2Be3j9sFS03fR0Xdxm1c6dpcVcszGAQyDKfQIGUERU60GPdcGtryEGtkfUInRX0pXxwH6LriWBH9%2Fp%2BIdcf%2B9Ur6Uw%2FB1BmwIoAjWeWFbaprvSnYfFNxykUkQpJP1SeEcLeCu9L65ypgvgkuIdv%2BVccIpkj798J0lURTOddnsUtF4%2B3zWBGuSD4m2qxtBGAe2DM2C41Vh%2BeTgS7dA%2FIE56rvOtTn62LILzIC5U8N57xEHnSvrWd%2FA72fymaSsU5mrUrUQ3iu3NLKwO%2BbrKPyxVY%2BNDRwbEgdqZt%2BVIp82IUBx50%2BHYeAtaxH8XVr1GE8EWRn1w9w6JcD56TlXRH%2FRH%2B9M7EyeNMRRbHEc3
49.,杨子黄圣依 人设,综艺 110717,/l?e=5c4f%2Bd7rKIQ6MUZVDCtaab6KpUjL4G2GjIT8mXULCTR3V4U9mVUMvEN0Kd2n%2FDdgBhHT3%2FUj6bBAPGfmQdU9zDcLLMnBMKRGZSE%2Bu7yZ5RM7J48cGvTH%2FKAzxKb9SwBMPuDTF%2F5Uwq6HaHMu%2Bqu72Qvp1uHdy3KLipuok5yuV%2Bp%2Bb1UbYllTMBXL%2FoigjwrsoD0RbKdQZsgRmA7UnFjFmiYCcSKKUbq4zY5W5T0jLweMPjSjv%2FM7Tx%2BU2AblqOdfYj6GfRraFg6AWjtrX2ge
50.,澳网亚太区外卡赛,11.0万,/l?e=fac0jjgm3K96%2FaYd3NAiRDYB8awfH2DljecVfS9jNiEHvK%2BHJxNy82b76CxcYPd0u8dZdW6SYvOjkxpgw5n5v5MswJCOTzu95x2%2Bmqb1gAcLajrtSGIHwNImCcqz3UPB79Bap17d9OivMDO%2FAckqfhAQ8zhgVZv5cXtc%2B4sB3APwCyXZmPWba7xvE4lm8fSW4aRGbuyEbuLNgAXbRMtuFKUY0Ev2iP3UVFoi8uMUzQT5qsDk3W8WI5eI8anwF04t4a1%2B1h0w0fJCjYd6jeRjh8Pu19eza4rGOfH4
51.,儿媳控告公婆未经允许在客厅安监控,10.9万,/l?e=4f3ahLcI%2B0PyTVPn27r%2B0UNMM2N7wJbpcQLd1NFEcJfeGmKDe0Ot%2BkcdC3UmCGoJneiHaV8ZhiRQsdqy3j%2Fwd99Hi6dOklpO%2Fyrfdd%2Bu2q7T1xD0jbRXKEekOM3qXSrks4lTZnAJ6aw87G7YtqIowt5NX5bYgEzgcN%2FMLTkD6%2BGUHx04pinyK40eR2KmY9O9K0YccbldZJGrpekI50vmFIVLMBsEe3AQIi2V%2BnPZ37xa9sPlggrBagY7%2ByyZWv8CfHVyuN1sD6YGW%2BRyLMJ9srpbvZA5luqwyomsBqIlzTocs8VcTQVk6kjR2uP%2BWkd58fMcRoMoC9ELkbFVb4Gf4yyL4Yj6EK4qt3z92SU3kvW13InfPhBjAFlkCwRFpAn%2BfRlC2Eq1L0LnwyQdnc3qn%2BJQEGg%2FSt4%2Bn7XQbmO56Q77EIP%2BXzL0BYueJQjQCV%2FOvgqg
52.,侵华日军日记描述南京尸体如山,10.9万,/l?e=73358doMHwjH1Zu5aNNFwjmshZAAJFcF2E984pr8C0vU15OPiigRfDK4JAfz4TRLEXIHWJSjtszL2WnFeTVO6m7yYz04MzxDDgtYsEMCHmJ8Cok8PIGSrZdinrS%2BBqguTiO%2Fdf6rUmJ46KN%2FbCW1iqcPCKa0ZVuy8YyrBxo4UdWgXHfPIRk5l4UpHFDP%2BvU3BafAPHv7n%2B5u5TROiGrp0uhtWiUvfgdTg9UnA9lVwoRD3IOK93pan%2BjEDKtcJtXgRNpqHZUziQv66jBGC95RszJl7S2stZjUtir8EYXcyOco0b3AxxnpuvM3glo80AC7MmtZtKtViCIg8Cv4AiMuqMC86h%2FDoUAPZT41DvgZfx%2FtN7C1vyrFUU6ho02iTxDYNYSfFybp%2FFMRGnEG1vxo6F4OsBI8
2024-11-29,蛇年春晚看九命相柳,晚会 229738,/l?e=6ad7nMLPsTlg0e9ucniq0Z6zyQ3x5FjPEcSfRJfg29SguCBLYFjWncs3%2FjQnMdF3tkgqI91ersFO2bRukEGTqu89DNzw1yfG3kv4S0DJi272%2BNsGWL1v5bA2T6UWvNsBiDJPBJC%2Fcc4onO%2BPqhRlDKxxJ6R%2FGKaYeOzurSWWyhIQMAaPVS70G2Rdw3XcSFijCuC4cMLpyjpcz3AQw4G9SVsVG4sjbJcV6z5O6yJI%2FuNv3ET0bpvWQhopg1eBdHH7Hj3XKzF0U46Nqj6RO2SvtDTCOWVgYr2Xtw1g9TrbBB%2FerGkU4zM1tMHH
2024-11-29,张婧仪眉骨阴影,22.3万,/l?e=39e01%2BtSnUqQJLvj9xSoI1gvjVbuMwpnyDIu8Shg629Mn%2FNrnULybp9WvEa2I3D4awOynDuTjizkpIPNGIXrZMbgXdjhoi25OV4%2F2PSi1NYdsdpt%2Ft9oiYNKrrpws9oXdGGZSD3jL%2BFWA8wgM6wIW56vn%2FoQJyWAi3TrsedlFoVnCJoHsFMOddJeRgcFAupo1qJW9bf%2BdvTHz%2Bif4Vh%2FphCz6Xmx1GRbhXEppMSeyGuh5SINt6mX%2FrAXNAqDBJtnCid6ZFBKyCFR9oB%2F
2024-11-29,郑思维回复樊振东祝你我都一樊风顺,19.6万,/l?e=b11511VsWmvOY6GOdVnYdW8Z8c%2BoC%2Fk2sQ%2FQoW%2B%2FcOzLgYmQl7nbluDab558yTr%2Ba5Rz5krDpmR3rth7z%2FuIEpm%2F0Nk3d6vT9TIRO81aafBTa8Giu9NJNXEBrItpcZb6swTTljOnXUIUzkpMNEieomibl90U8I%2FpgT7y8gI7%2BR2VlguPVPK9WHcpkMkLceDYu7Ad1MgLpqISiE30VMsYn2j6lhobBkjvCHrvy4p3RB1vtMhaZvVpiUofzna5v21C46%2FXm399wFbDzqcEhHFKQjHnJ7AIpBGOw7px%2BRj7FK1P72NaMyNO2HqM%2B2wL6HZ7duKLZh1iTJb4WhQW%2BTMYnquPs34ik9%2FGo4asHx4uhBGaF7t4SjInqEMMg2nYmKT4zPx9yRuzaHg5dzyzk2KPPkKnjVN2vzt80hPWt10Hj6WVjNxy3ydYrDom%2B8jstk%2BHTfZL
2024-11-29,安以轩老公被判处13年有期徒刑,19.3万,/l?e=ec60CtdQxgWMezyKQQMeLEHA%2F3TaTD2JSwl%2F6Bd%2FhL78biPeGKizDMUQjFi8UhFZvoQv9E%2B5iyxL86umWx4vIgB57b1FYdXbjqqlibDhcEryq3NK9%2F%2BPyiUhKGxui%2FWFEyyRHGDjg9urFdyFJ2B4rQI1AHBhkFPqWdGb0WaWoOJ8sp3oBrug66G8SqfW8zEZg1WkupPrYAN3%2FmgJokUBKG8AEgKcg26hJlIIxuppRdegAaIUVLwhaibYFXYp1hDz574QUH66dEyd8C2rfTR8gRLpvIiQ98MnJ7FL98KCspSKkDqEu0k6iIx1XAU3f1UBluOC%2BN4NZGdh0Tdy6V01d3NRqe6Qg7xNBmDHVlrM6fgHVo%2BqYAx7gHuC6s7Ib0bbMwUt%2Bd7iui8
2024-11-29,iQOONeo10双芯战神,16.8万,/l?e=c393buEhHTJP27PKDRAKN6mjBy9qwI9pGa2toAFKpSoK9bVYVIctIbuWv9xVtO2Ny7Am%2Fy8A11BfiASdHmPc9JnvW3U%2FOam3L%2BKHoBllMpZg7Iw7GiPyKOwHBEA7tYMP7f2kUkt%2B8pHho0ybJ7nEnOsNo9OXIrJxUDPf76UKwSF9kTohYNxjXG19jU2AkJjQ4MliK6I9TIAzA3XPQ3OrsXdpUwjswBtj
2024-11-29,周翊然周放一搭嫂弟二搭姑侄,14.2万,/l?e=2e0dNQ4hUoyZt3hFN%2BE1Ph7kpYR6GguJ4cvcVjM1e4WA6TV4fS35qnsbKOmVwP6cZxV3uG2QIk2GSM6%2F2mer5IE3ObZF%2BxmF5JJ4%2BpjU4WGS1x%2Bd87%2BF%2BFZqte4PKE0eeRGqcrvwicYBBj6A3e310VA2MRJyqfed8f%2F9a9hKpVOprHb1fJOrKwcKAaEngRryonxBjurTiA9y20Kjnp4DHCmHiwYlOXAdphTbPRXS5660bSHr5B7Rj9FcgHAyPEjr1AYt2IuBRm%2FuQi3rgK7UxhT%2F4KxZvA2j7PKRUhokHnn6jkqe7MRkc6peqVpDTX5UJAJX81uFb%2FABAD5RIIIsyy8s2r8WPfNeGgxtXMji6lR%2FMvp4aYH9nSOrYo6aa0Qy0bjZDe6B
2024-11-29,优衣库客服已读不回,13.8万,/l?e=996d3hvSXqkgosx492l1PD3%2BwqTC8nWoAsJxR475RG3bVSQjcfVHGafSanYHVs9WYF9Tm2iwxStwg7j0OdSvERfndGVHIZdjK4qC68nRkAWn97l9D5j%2BgU23qNoPNRgfTkBTk74sCQTt0xvgSxRky%2FgmQNfsJCAJaBKvsVfkF%2Bt1LeP5HIubeJ%2Fw%2FlrQwtPdheLflXRj%2BqGqf3TafUCkL%2BPsgJU9N72TU5Tla%2BAV0pD2qLLC4Xy8pyGlzwCgKfazmWTonjQ0xjh9awz8iZYW3U55cjUrfWBgqVY7%2FIRiHig%2FElnBFwQW1u4F
2024-11-29,樊振东对郑思维说风正一帆悬,13.1万,/l?e=254bTTrffqQEJL5MAMWLF4jlj2tnjT%2B1ozHnIPT35degfXmevBEMVymkc5tcgkxlji5k3%2FBA8toNnYOLRvn1fuYylLWzTslhWYOEqzQKCEN8R5tQF%2B5qiOkz6co%2BF3FxFuZtBDUg9RBRLwoEkn7MN1WqU8mTPdPp%2FX5JQqH9wX9CHYCwfngAA8jl95Clj3babc0RDc7SIblTLraOMC77alxNIuIEGcnqZem%2FArxvQQLpZS8wzzuOx33AXKq9cFqjsE2X%2F3Aw%2F5toDDldk58eSy725yn2Cszhnas2CJWzD3sooB1fEVGK3vcwH2PkCAbx2G%2B%2FqmCwkhCu%2BLXnblh8DmDHuSsiVpWVukE1WUA3j1POyqDr1c75r4AaTruFHqrz%2F1fG3AHJ
2024-11-29,优衣库在华业绩下滑,55.7万阅读 | @南方日报,/l?e=1354Ay4pDaekKtxoOYhWF6wO3ONPkvyZMY%2FCCh%2FCPafPvtLeLhCXnCEr7eB5sWyG38QcE0%2FNJWV2SURgRLXHLt7LjELhre0Iy1qWSO077wqqrmAIAZSiB19zHs8F8iF5HX%2BDmssR3V8d1GJfmYTVmFCbCzPPPJYn9RIhptBdAui0JNrhHBlG2JtjDJ3oKMmq3%2Bcr9EAn2trCNwjjVGSb2Wcs9LZzBSUN2NRKkKWLTjRQSPbUy%2Fxs3Ih%2B6fb5D1%2BpWwDccAYji9XISG%2B7S6WzUWhyn6X3C66qe1uQ4gDJmRlPrBCShnvUouO4
2024-11-29,2025杂志超全订阅攻略,,/l?e=15f6CXtLKVoMap5nlgh723YQFWnouX9GGlwrJ%2FCfT2v7NTW%2F20p%2FFPXKA1nASurQAhIP67GVH4IMtvxjMjQdnGy1OLDwwJ5YjY7ZO7EPreAMvgJmaC4Tgs%2BY7O3kznPU9Gz3ZJXQ90p%2BjXoQgLFG6Zsj1Z0stQKta7UGgQ3DnRw%2F8BF7Od40v9mxh8WKIZRW2UYkSzfkd67OaCvKriymGitvN7wrlmSezau2O4t3VFykEaSeyRtPp7pTnQJPOe0X7fkpyYfUxKi59hlyqz%2BHOfSvvCcpPMHnkJW%2FI84smQ
2024-11-29,一年一度晒家大赛,,/l?e=247eCthUfaHlWkknsConDl40nbT931UHA9k%2BF%2BBk2c5Jn%2B2p9a5eeYUnTeRRky4CtMLbwb%2F5GKsN4RkTuNXW3HWg6ffmOFh0G5iQAmwgfr4dsMxHzBBHzGK3vdGmJWM2hqYKiNo6kTya4uW7hw%2FlEkudBoQDx5JkcJ1N9mKhpVuu0m%2FrcUj0qnmfA6jXCBuoClAy4rE%2FZQCk3SQj5hNUrPpIVWMlvcYEy2r9w9IciFaPasnraauvMOEAPQrN0gzyl%2BDD7%2F5n5tfP3HLGlvvMdM61kZLLwTXoKIrM
2024-11-29,A股三大指数11月收红,40.9万,/l?e=2e6ecg3KG5brQCvt5%2BO5%2BnDhT0%2BzBbKn4p%2BU3%2Bb3jL5M3AAnI4GZx4C18nOfaOMUQ4E6SVf8yGpIHwsMnIMvzwpEnk1i2FNTTJ7VIJRbLnOl8S7OUO9J%2B5%2BWujz5YpMvgtkC7%2BhhjdqI6rjhL2XLCERgzulV9SC%2F14K4a%2BWp%2Br%2FL4bcI7J73o4jnDnPFLtvaeq1PzSxHmhx39deEu2KP3HwqpO33Er5oPauFpylCsB0owG4dhYLrb%2Bzr6%2FN7FaRtogtQU%2FlwTYTbqIl6KlOh9BWetxs88qi2P2oLyFml
2024-11-29,澳网亚太区外卡赛,11.0万,/l?e=d6a4E%2B8DfwYDJ%2FC3e9CIzrlvGdpXj2Fl4dCTHm41OI%2BBNsW81Tp91WMA%2B%2FypmtDtOZg3qGeFYVUm%2FwcW1xpCrj0MnV4iGbzCGxCQC8ar%2F%2BXuD0c%2FOJknK1kDZ4j67du8shkPeG4UuuDKUTk%2FH9awVHyKREtdmUENiYVfspev7VDI%2BoKRD%2Bt%2BQQRDaIdzfokcP3ZCI2E6Rv7cX5aixufNIpJ1SpBYSAhLg4FMeLy21ZC2Ae55hkAAxfW%2FVuHk2RACPvqj7ft5tkweDFUscPQ52wG%2BgECSJNQaWDpq
2024-11-29,龚俊城市雨夜撑伞照,23.8万,/l?e=2a089Owr0uiVJqbko7A5n0xWBoKc1oFFva%2BZ8qI84ukpRMvRo5E91shXZkw2WklhAguNkSmlxuLByvVSyOP0lwyiVN9nW5ezVnyF%2FTW7iy3Nhkyc%2Bw05BDEWYd6S%2BZ63ZY2P5E4lYdfcCjAEPNefgcPxfYRi0%2FYW3PwAWAZZ%2BOqYXaJqNEEjUmXj2lkaI1oUklgaRV4bgHveNzWoyINY2HjU%2F4G%2BqXQkiaSePP0A1%2Fu4wvydEb8LczeUfia1%2F2rGVaLngWxWw%2BC%2FZGDz8xgbk%2BjcNjOPuz0TSHlLHzDSRUuf%2BMWyMxd%2BFTI7
2024-11-29,郑思维说我在杭州等你,17.4万,/l?e=02fd89fEy5ofkp%2FQLmXTrF0EJBoCIU7e%2Bq942dy3JFNf6gocR8HyfO9%2Bazj0WWH7TsJ%2BDw8xlWMPgPygXhxHwBAR69%2BSQBhqvPeoMzs0HpAkNxrl%2FweaW4iEmCnnMbYiiBRxIoaXXRPhy3U3S48Tx1CjEys2FLgqIQET8hX6wsIhXISKbzW%2BH3vNb34HXLLtRwfwn%2Bxqn5jpkNyJiu2JH9joSUFS2XHHCKDg0VZzXK5i2o2Qf2m2TREkE1U0xg9kNcKHZKs7TZTpsZ9XExkL8WdO5cxH8QYRrhqXZIN4SDJ9tPHLVBKQhpSgdB4h%2BH0dX6thmkukFeXF
2024-11-29,林允滑雪妆,20.6万,/l?e=388aOPpFxjkjzwj3FqtGi6df8kKNS2YLf8WY79yB31%2BUVnM9wRhtZG4pVKdFNOX3urtonwtHKv0z69knjIn%2FK8e29InqILwSwdprQk7T5AyS44IOKipWDrfjE13wT4nqFeTQ92EhVjf1FzEVhyQz4Nt6p6vHsb0fQl4obnaXJvLXnvLb6VnzgEAFc3l9jvNqOaHBA0Erm%2Bj3qIvj7aCgEyF7sbsmGG7aKUKrYUAR
2024-11-29,侵华日军日记曝光南京大屠杀新证,124.5万阅读 | @扬子晚报,/l?e=bff1IviN9G1VIF9Bm%2FaEXa%2FRMrj3BIbuyQ0DEYRrv9V6%2Fsm%2Fy%2FLE8ZBLQ9aDjByAzgD4ZP%2BM6jwRmmmEH9LX6vrevRmnh3V%2FeLIkBA4WlkWnzaA7k2K5ZIUR5hbmFxILZr4DE0L9zos7tofTtuwqHZzoDUM3SRSUqYbEGp5vygB64BK0cX9PXx1JwjRSlaPogni22FtotedwypPIqYGKu0IA40qAfIYFAsdz%2FagAL2GEkGPaHqI8WqPuHeUqSoZnzkUTLFQIh%2FmRw3U2p4W%2BQWAL9YRPsByS6MgtVAOy2Eq8OootUUJpmYslr8fe%2FvLQPAv465uhju9PMU1%2FwyZhBwSOrthQAgEV80gASPrvjgN%2Fhp0oOv1VpwwPGEt0LZGFDomvH%2BFv24rQp%2Fh%2BSYqxDXXrvUPzp%2FxzHVg%2B1YBgShLDiI7M
2024-11-29,国产剧奇葩婆婆又出新款了,剧集 133301,/l?e=5c807aj3UU4VEa4JdDS1UT6sROB9zu0mElZyeqzfLhyoXNcAYasDPLSpihm6h7OedCJy9yVD3mmRsd7Icz7PtQo7yW95E43cj6rwxTpADT%2Bml6AWRUSTt%2BHgGmF6ZD0EAYuw1cVvTTELQi5F0mkr76ZuHPAUViAgclp4ZNhx9S27Ul1P4yu%2FihEFUMRSg6ajoUCk8pe4qhgAoPi1bZIZp%2BtsAMRL9JISyig0GbuhrHDk1sCVVmNaUFkYbsiEAfWduJP3c2ibuj8dt57ntXxlhrJFrJjVIRFjsAxXQiXospDiQMHIZMz4Inizjl%2BeTTuRVL8OiW6Cx8%2BZPdKfxgceEDiBwzvesmNjMA%2Bz26XIy2Yr%2FyRy3MwP
2024-11-29,为什么刑侦剧多在东北拍,16.9万,/l?e=4c2fNPVyWO54%2BEXEJeJ%2F%2FAHAmSssve5waiJiLQJIp%2B0S482KXbOO0RNxE5uLhPcMdNvUqESx%2FTduQlSknOti6rtYt2rcSrk%2B%2F2w9sbAYRc4gPCVczL5pZful2ghuHlINQsLT1GNki5ndP6BWnhfgPgekTBo%2FxQWQZIo2khGBD6zmSaYgqROmBg7tQc4Up%2FKjXYNxuTr10SdZL%2F2RsDmPajFlinNHt6D5kXqzX0gXSTea40wPstNePmgC8TeFWunm34BM455oDcnrI3%2BIyZQ%2BMBbABFN5RcFpRA7KHUy3q7JmZZGvRrMTpX51kF94kpqDejbBxv%2FXOHpitpHFCcoCjsmN9%2FZdWGZa
2024-11-29,周密把周芯竹买话筒的钱转给她了,20.9万,/l?e=9748zRTT6UuGqPSGItCQSjo%2FHCLevEzc%2Fu4vFQXGdWkpFmyZwgtgM9PNaam0%2BqOwyHSHajdpnrrxTnd3Rlmm1c%2Fy9p7InEgQyRU8xoJjcctMn2lU%2FCkE6WQC6sKiTs4Cm9wPo%2FT4P8Vl9JMruPHYP81AEi8xZUfGN7tEOxGd5iRD7L1zkup54xivKax1IRjkoszJvrvPNulFsdAJP91Ht76Cvw42vX2UZPKtb7ezx15sFziarNe7BtyXrDoEwtpbF3R1%2B0KN%2F2PfIUxmrqMQYQzjET3NBFSNwPwk1n0TiiKYMiwgBd%2FoyLCf0pMzSw3rU7xP82q7Pu5i2YU1q3QtHRypdoP98DbvB3yoSuzDToovXLky7Oj6%2F%2B5EbMXLey59Xq5NlkxB8hVR9vC3dHEHC%2F7sbu%2FgOv1ZHRlXch18SxOHvbC1
2024-11-29,贺峻霖一路繁花数箱子,综艺 132683,/l?e=304e0%2BkVCgAoYPXwhs7HKchd7cvBSlH6dlDLvuagIr%2Fw5e8TQgMzC65FaVEltFVFSuqiFdJxccL%2FjNbGXf%2BAV18aL3aZosvg%2B0ZIO%2FGSmG6SmYyCmKcOxMDiqIDgBW0qHLgZeZbs0mb0S39U%2F1ak3ZJt0azjiZrx%2FZhwlCRuWTAVnQugsNxvCYUV7utjGemUYZ5EMN%2BftsWeXtrJJBFT2XsUqycVrSJUbleOAKKPJ17T%2B%2F4MRF36vEALgjCowetp7nXKGY6vWBaObGAFJvbHA1QoUCScLwbijrO3nh%2FhlllW1qjTy4D%2BCufmizr1%2F5erjkitMjXcSTo5
2024-11-29,女子在中医诊所遭性侵医生被刑拘,18.8万,/l?e=53b1Bp0vZixT25Z%2FH%2B7JlSSbUboT7Vyfu8vsQ40%2FrUmQ5OyolT1wR1iIEoCac7dTkHnuR9aHaOtIk9IDcdc2oKR%2BjYmLwxYbbvPzv%2FYyGLe1d0fZGdhNzp9WxCvL3PZxkfNJhodn03FTDdYrCRiWMyNCtpajQtWLG7HjeSbgPkJHEjuU9GyvmGGxQA0d22icN8fZWyndWNSIkTSOW3vcZRNeAIVLGX2fa4UURp4p2vnN44R%2FHJvoKJHTBVGhlcc8HCufCy9zGH4b3bjRFup5OhyLFLz3hhwGXVnK%2F2J9e8ppwnBZuPthLcnO7n1taaNp97vzDOghK%2BQG1QNzwMt%2B8T%2FCNah3%2FvgFeY8w702Li9K%2FQEa7fPXB4%2Bq1Xryw9v85ySDo8usgIA1khgwkTnC6i3%2Fyiy7%2F7X31HLJe8JoGZm2tbYdU
2024-11-29,印政府还在用被封杀4年的中国APP,306.0万阅读 | @观察者网,/l?e=3d67mwja3uesMLGAOFFxtTzSLdLysHfXIZQmHB3yzNMsOQJolkpMQxkAKL2q9Fzn378CQj1xsADCZcEIuvpgUMfLBD2wwLiJpieKMV3FzvENcjaj%2FfeoY18JehIohIawprStPRsvgmy9H1RKL2gRM8h6xCGEXyhR50zvWXY2YP3COHqOF4V5mmlcjfntY7Rw%2FM43y7ZYEEn2jDqtrUwa3%2B9dfUW3BS1SrEbAzgxvf%2Brv4%2BY1ITASCZgXmkm5xZD92QpEu7cdyu9bx6IZxqvQr7QSmjVAGE6l21wYvte%2FNmj0ebtMKP3dqakMM88uazaRd2PgOV%2FLJNy%2BDg90GBxGCmc15561NyLRNiaOv6PegKT2%2FPTeXymTBZHoR1GQtT%2B1Us2uOWDAl1TPQQ
2024-11-29,韩安冉称do脸模板是赵露思,76.2万,/l?e=af0bT7nNxePTWd7ElC9F1V3hgHJxQP2RVlNnxTry%2BgpYPlhrHGQIMlSnUuOG5cGQCvGykc8TlYgwb3xrr36Xg9s2XFsKA7o5W5kcLCQR%2BEA2GSYMa%2FK9fzJcRMqavrdmP%2FOX3wIbiyrBm%2B1QV6umkP4zHj17rUMz9qNQRBwMMOYR5KNZHL%2BTypM8xjjr1VzPJ1TQ4g3jJz7uDWHl08TOKuIBbSFD%2FIILW5WC1vcViFqI3d%2F2PdRDM6JpGDPuG5B0DpSwZ5c6rg5C6BiIENqlhJG%2FBHrsGsHD1CJTq%2BHc%2Fhtqwdt2JAshTcOHE5%2BU%2F3Ojk6Ix6zBg9h3QHDTokurQPle%2BxJcnCEqvCww
2024-11-29,王曼昱助力亚冬会,28.0万,/l?e=33e6VOuklr%2BQinnNfE7vx0UPfjDPz3eub5gH%2FTp8ximD8CMHzmc4xITwtHhcX4kjBiUSZlwVu706noFIgSUO0kg5BpvMIh7mHC%2FGliSV57hfdwun%2BWs5z0EzAgAHFXzFBasLlSu7e7qQ2dUICzSCfWDGeqlF8Yh79SoCJIgKktKTjV7YzCouWB2g5iFSEOxOZgzENkrpiPM2aEwFrK2pe5hh0MtNFPZ5LdeeWbH4M4%2BHwOC2UnWm0cJbDhyRYQetu0qvhCDX0sOw4cm8sNRYJqRPtZySNkBU%2FlUn
2024-11-29,小鬼拍到本智性恋心趴上了,29.7万,/l?e=f8afSfq3dJ59AWFHHlEPES7G6N3oPn5vyUJbVV8w3y3m4jnY2oMs7tdDkAsR2TfRMg1qZMIUFxVmK84NqUVHGZkZ5GZlo7kd6XcOs%2BwrorOa1mIiIf2fRxx25Eba%2BUVvFEwXfybdwHNgmRtvgXPfLzwIm61fQ8te5ygHmLvi49gF00NMFMmmEunWoh6JAGsAkG%2BYe14lFq2GLU9b%2Fw2FZJ3%2BT831dFLAOI5tQtYiT3iIZ8Ma7HfjXE7iZyACgE8kpiydr8YsXZPI6pADv4rFl4oY2uu8tn%2BFGc0K2ABJz1a%2FcJGZHmhNXTrBbBw5HOMFlCoMqCiYJQAUsswcj3m%2FhVi%2F4yL4pYRbUQmu1ExFQBND0AxEpYJA
2024-11-29,外交部回应优衣库不用新疆棉,1388.1万阅读 | @国是直通车,/l?e=fc790Dwm2GHEpzDPK52h%2BWO6fkf1nVJUtiYy6G02TW6AaQWZSy6NWotTsvumc3cFT%2B1NYNpFtSuVgEt9YtOEfHm8G%2FW88uqbS%2BjO4%2FCAZ2L3lQF499N8LGZpAdOrxIjn0Qrv5GlllGXDPFtkWwel%2B1OjHizPetBjp1y2Wf%2B0AuwTIsM9CpAgUtmfGfX2LTgCSh6%2BLNtuNYPXdwBdaq6sVy%2B%2F6Fnc4QqkBMWoqSZ97ciNuM4H%2BmbXD%2BqMhxUGtkCDnsF8ifVUFyDVc9Q4tfqpKxjxIA8%2Bq9U0tfOCpAe14v8nwmelEAokd3W3C03C66MFu2RDLGqOeF3Nt3xKQXi%2FTOnvNJUb2Vjzj71gfwb5yXLkfg3xe1Luoi%2F5cQaR9XKZq07aefsq
2024-11-29,李昊 活在我MP3里的歌手,11.8万,/l?e=5482tG85cFUyA9hH%2Bsz6L3CdKxPqgt%2FBCTRAmtkza5WT4%2FCwpWFfjZJPasKAV6Ylh1telAHjlBTCkLXw820f%2BgsUeFltd5Wf1N02pv9WtDjIo30AgRK%2FikIThMCv0XInoQqh5166HDLnobgSWy8XbsEIDf0JQPUBLNlMyg37cJ8JFT%2BaAs%2Bztk42q2yMw23Gpgd4fd4eHxpz5SGreG4ju%2BqqacoEH5PZZZl%2FM61oNH4qGJGPzg1XZc1akITyKZplm9PlYI0xyMgDs6CuY6SwP%2B9kJSoi42Pu9%2B15067QRbBVsKBcagagkfWOpDJC3EGy
2024-11-29,导致胃癌的6个高危因素,2463.4万阅读 | @人民日报,/l?e=efba%2F4uTm355tb1XhfRRPy9YocjJxech0fZYKD%2FKsMZo%2FiMoOufVJH4n2O1x0d10Nn9J0uNDivI96BTznfFOpx9mbZ%2B9pZlH24nWawsWt%2FyFGBMdpquoabwEQSzK20p8Ps0g6zJCiy4Edr9xBD85uZX51TVcNH%2B%2BK35NbCIuGXV1VU2PeP7zry58FPwmmGfuPwXzKfdJN3f2EsHUDcpP4fk%2BctuY9i%2FzFEmpO4wpWpDzXFJvyKNzAEOOS8Vy63yXZmi%2FdoOoQXYfCUGjX%2Bbp1wdmLHzyV2b17OYblWZukjykJ9Dkq9E5oh6s6LOVBBdorUKlXBUt6EAEFw
2024-11-29,扎根中国大地赓续中华文脉厚植学术根基,,/l?e=b56bHR36usqv8BU9AjqC26ZhEuSJ6Z0tWk2GvTiavrDJrGtCiJeOq16OtVhJshewg2Sz%2Ff1g1tb8uaoUDWKLlpgyE5ptPnylwngPI7vgh9m14gpT%2F%2BWzgsibdXYJwxHOKMUNktIsJb5JudjVMWXPIdSo9YhXQJoS6dHA1qkubSk67uXLafdE81PV%2BjqRc%2BTqb7SM%2BGRx2aJvxZ5O1epeKwr%2FEP%2BfCDoaMp4wIk%2BigSsH%2B8rwVjkvW0m8%2FgxKPeS9YmzTC2ktgIQJNdj4U4vzs%2BWcSF62ChPxc9%2BdTXDElWi9E2oMyI5i3pHrOfkLRysYjy0lPaiF24dVz8myw7YCoHcOvcyHTwKn3Ec%2F8mrCdF2U5%2B6OktafmSPoKEonyIbbMZDHu4fjRIGt4PChlQGuR%2FbGQ6f%2Fe3mcXcFbN13efRvHYSnHrohUggYd3ug0pClRn5BQZZk9%2B%2BZyKKctYw3QCXbbodcnAZEitU3k5Use%2FjiJ
2024-11-29,猎捕野猪为什么这么难,201.1万阅读 | @新京报,/l?e=8a95tC3sAwXeJEvaH%2FHGgoZ3jiy2lJgfNBHhtwsYxWWmvbMndAZIbGiwa7y8ZgjSj%2FgEvdOhxnrTB%2BJVJtLXWhWiulE2nm6voDCdUN%2FmYxnRXRjw2IZnvp7YNrJGyCaeMKxJ9%2B%2BVdeWgvyZ9yTx4w%2F%2BE%2B4ANY1YbViVhIgtdeue%2FWOehECtQvLWpBV56%2FRPbau1Bl4xQty5aC3GOVxMDjhymvygSFRoKefJLjbnrV3pSqJt9GtvHcEIsNvOrItZ6y%2BjM9TUEUL5exK9HPVkTk8w8zB0EgNL2selH02jFPfJm4Pg1zcgDsQalk7UVzeoI%2BHqcD2ItScN9
2024-11-29,人民网评白夜破晓,31.4万,/l?e=785639BiIbwshb8WCd45H4Av52O2nUUSJ81lrwyK3%2BQnjoOXFBJRMXFtHLbQ4beuNSJBWnI4LRAR5IZdWB1vV1ES0zGkaayZ9BJUtr55dpphyCsC4q6fAd59613MqrbBx8x4iLdBL8ZADfaIBT81Yf4INtYFhVh7NuAXS5YOICOZSDlVfKSjkV7JZf%2F77WaQRrQT6iDe5elqlCU3aE1Bqf2Y2oNBpdcxhX1ylzdJPS4PH0B7JkQgp3CP%2Fe%2FdMTKU65nq5I%2FgD6K%2FjRILKwtAFBwLTqWqMUJQ1f2A
2024-11-29,春晚官博回复檀健次春晚相关,晚会 888700,/l?e=c3cbQfPSRWtQe1XeQTUC10tjKLWrhrK%2Blob4YW6RqROC5up9hhf8c0h6QggLit%2FDsO97Li9gccnlTz2nebDCo7243ikd3RuRlM%2BDdrbw4ReBSfokjqCa9%2B6uMgCkx6RCh1dnukqz0%2Bvdsn0OpVgR4Fc7kJPfQodZIasUXZdXrmHhPFTRAX5e06bwOoZpSFPwts948MfpklQf3RZfKB6z8H8vRg9jouyAU%2BJWyVcfeLWmoBkAGt3EPpI853EEadiZPWbZf6A%2F%2BkVK7iGh8ZOioJ23Apzc2jmct%2FZLm0vLuNoxh5Sey9d7Ng26YVocwU9%2FlvBinCtEoWLzrn5fCzOE%2FZjm3FL%2BXqH6uvD%2FHhzuxXTt81sGtaa2%2FxNzHGsy3rAEAw2lwgPo
2024-11-29,悬疑片的反转应该这么拍,24.3万,/l?e=f501AtiXnsGqOED6VOfbX3%2BY4%2B28%2F6bQpZ2BgafWm%2B6XC2OaFtJAaAcXoMPfrYbMPBRdRZ3nNkPDI0Fgxi7lvz0BNyquxtERvvOrc2ZetR8S7DIXsHLX%2BZDmo4hoYsis1xu8p7e8Z%2FN04Equ9LfoKzzUqOTY%2FYW%2FRAHdMZaPs30i0M8MMyvFAARUoIIZU5utrGnk5qnjDDb06APk0MGAsFDlQKrkg7RDrGew6dMuxGf6w70LXqJb8pbjwe2x4ln3IVReyntFH44lcu4t%2Bndw1LB2V4VsXCdCw9aeMnqNDkWUsM6UJL7dDSG3%2BO1ptY9xSbwqG0eDiW4ljo7Rv%2Fy%2BvbYP4nez%2BJIP
2024-11-29,Baolan晒传奇杯四强队长合照,21.8万,/l?e=5c06BuOY%2B0GlkiZHKR1IgXcAHARrk3FZCfkqbpeIo%2FkpFHjI1vd4TQqmgyqqQnVTLiAH2F5cHBTKv50uQlWSoTqKFWJIpKL3rvCZElDADPyN52bRWCiDrIf5bUtKsINO7rvbqUC3s%2F9Au%2F5ZXI0tU2yTPcJ9NlPllWnzvrOeGE%2FAl180smaMRRZ7vqLy1BWU1deXsUQoaVTX4KNovzDT%2BimnCVR1xt2ROn5zSJOh5%2FIJBbwKAFjBLXKtMaYg3R7utfg81CNtfqunrhvGL6OSFK2%2FPpvuMpIhLAsVhFRkOeuKskmaxDOtxy0xNbsqSEBy1B4%2F9nqe8mxsYlCkjQW3
2024-11-29,小鬼王琳凯风尚志十一月music刊封面,13.5万,/l?e=7c79ca95jeCHtJX6zwlGPZPUXvlN3svjhnBTdeW26dyqNWZ1HP3oKt%2B2Q18VJCIIUk%2BF9oH1heqPNLpKr63ChoXftyo8nGcnurRuEnv%2BrxKzMaMxyxzHtwolmtWOZnqq%2Bo4AovnB%2BP8ma8Dm9bDdB8RuzX13jeWCL9yIp7W%2F0PVNDjKuPKyqVWVPvDjpr5rOZmLRxpiQY8V%2Fr61KJ%2B6zLbuzquiOKEPGqiBm2QWXpua827QLcnlOgCPn41f4qS2bJVdZdzuvYuKEvpncKJc2SPCny0jDVx4BiyBL%2F8j%2FWSZy8BdnuDRgWyYaarGQskj8fWrgHzSsmoCT1eADunXk2p6fObTey8xCOjZyiMN1C9CrsXV7807FyjvAru%2B1YT1EaYH9hJaeBw1wm5J%2ByidWDFtcPYdX0mFHkB4
2024-11-29,金玟庭演唱玉氏夫人传OST,16.6万,/l?e=e6d9aFrTmH2igIjSHDA%2BHJ8d4GvannyuSf0SbkYK6Kk0mqEHTLqzyHFi3oFeidaF2XHAV%2BkTVlGgSAbaA%2BqaXGauxYN%2FOBStlXktVuJ1snDD8rb%2FEeDTDDzuMJmp%2BhLDYtjcuaCXcg30wlBO9UVmsoiI34Pv476%2BKl4e2budHCPInrY7Ab0gGBXCOtDx5EqlCOOZzBB5MowiJOBmXVjwSMM9niBmOXYyUep83VaEv9OorQvFE7ZfzbQB3cDL8ZYwbIcfzoDwG7AbFF5CJna8Quqr5UGcNk6FEiOfkgTc9OY7mHQRH4qXYk4XyloR2ZDAqVFoKuMBB4CrFt7l
2024-11-29,打游戏一直稳是什么体验,22.1万,/l?e=a3791wDmkYcu5K4uyfsBAYEZjESUkRZ%2FfSj%2BV1XWAwGXwtzJ9KWScJFzKMZbDmMG797pfkNw1hlDcjHpQBxgtQA%2BAvEtHyjt9gE7EuE6ZTKYxShjLwqwLZmPGTbVzdK2H2db3Gg%2FE9pJWSAII4ExPpD2F6eZVEcJZpakw%2Fh2hwnRmyWNPLpeo0pcLmeUNc3HOFOyO1BwPlyVsJyodVzVOBP7NXk4SgdA5BbTcVorFPCl6DW5P5HUrKiI%2FjcuRkg2KzJ4WE%2FDEXfB9cGw1H2LQcTDEfoIrE1OJhj3I16xt0MgmmeXh%2FYQWs%2FA7Hgbv1fIt3GaPX3lqyn%2Fjut%2FG3xTQNp4erTKBbJp
2024-11-29,儿媳控告公婆未经允许在客厅安监控,281.2万阅读 | @大参考,/l?e=d255CKFaobJPi6YTSvJRwrVvntqJmlOOKTfH04TOZSL8ov%2B9mKMyloHT0sGGLVMUtwF%2BFo4weFuG4MTe6VQxFLx7Cj1HmxN5QboC70nOPVuw9%2FwyDLz%2FqYQrNyxvL3cOZk3iz9e2RKddDlCvez2smPGPBcan1iEuxf%2BrLRrBVyop8WQIgwCq2S1DpcmhYd%2BUuTG7Zre%2FUaP507s64tWHVSTbSsJpx4WKrt5f7bPwR2Yb%2FdNfKI1wF76peC2LfhRBtAkk3PlocWqTjfdNYusLbIVLcP7zzTltDKw%2FT%2F7Sk81oyyVjBs1lIKGlg7K5v9RTP4MioPLZ2SxruJXnMwsyGcBaUibqwrDIwGiVvzVxpIwI%2BP5hh7kaT6VY4b8Mu3uiD4Mg4N%2FhNsgrVgDTzP7IekmhkNSsUNiLuSQWijh7k9uxCgPCXUWUh3VHtM7wef0Yhg11
2024-11-29,蛇年春晚标识有什么寓意,700.0万阅读 | @央视网,/l?e=3605yTxW8qiF11iDOkLVpHP9CH%2Fhhwwdxw%2FLmMHv3qETjFq4Kq7RiVoKuSqiQU9kCD3YhmCSWbwgmQMJokGCzKxuD4nKyDCPPTosPEY5A5uoDg4DVBTQdYKavVPETV2zcSVOzw3sEG5h3%2FNVpVF8%2Bjw6exp0%2B%2BrgZW%2FEteZJxOZRJN2GnyycYwNugvSNB0Rk%2FdJ5IJeYy2JEJzvjveblfQ4U%2BmVVAgZe0mFh5bmzyCeASI9syvCUD0I88NeRBNUghP84M08auPi5qwTwuoIlmyKapeA0K5fSIr2mBbUOUxyAz6BMBtmIrepbN%2FCqP%2BghxycWEr0F3Zk7nDGBH%2F3ji60vUnhTEP0D
2024-11-29,贺峻霖求旅行攻略,综艺 207666,/l?e=b4adwf0gRzdKhJaW0eNqwk5UnQTbfEKxV0m2nWDOlOUZxHY5E7z9%2BQii02%2B9FGpmf0ZgLkyIG2YHcwgwKoAFx5z5XPKO50WXfdH0y0IZ%2F9ZWdDtgEmyyCzbU%2Bt%2B54GQ%2Fj14S34f%2FjFm81WXK7Z0I869TNPBN6CMRz6lE62916pd5hFuP7%2F%2FPVcSwpNLjoz4v5smDSSzfxgWjD%2Bp7Ga7pey1bBcm%2Bmg2Gx700Xsdda6oCLFpDClm97V8JNMA4sn1OqYlxafbhmoJl%2F%2F4%2BRhsJLSAGJ%2BIbzxgzdPld
2024-11-29,一降温就流感的体质怎么破,23.5万,/l?e=e4b7mnOiiIL%2F7%2F3mnsxfVuFBLG%2B%2FYDMpez4%2F2kw9Yk1w2fwD3JcamPnRNVRYLtqbO0AYnDVCq6n9Yh3XC3GuyNRRf48K00HPi%2FtloDiaDcrDYJ1LfXthq7RzSSOQgeXC%2B2GZhbyPOFQPZ01NHiuOMPE4dXUp3GuXTpiQVnNa8kQs7UylJqCtrlt4NUqlG2nctndofEOUuMareMXVvfuvE25v8%2FTFGZR84RquPPEFr6VcDyj5520M077Hu%2BxvUV5r81CUGshdzoQTrf79Bp9OwFAX3hZgUBUnUuXQYYIzCN0yBGDINLbdzYmLeSL2sTCM%2BnoWGf%2FkGXl5nTOxuFfAVUKYabo3wD%2Fusap5pRZY8rX%2F3IGZL76y
2024-11-29,黑西装是杨洋的统治区,13.8万,/l?e=82feWjCEWftQHGt2fPbUToElQQC%2B8GYBYurB8hMOpUanvYh4jvzHIqKCSTSePTuP8uQ8cB69B9oOo%2FPxUjkab%2BENCb7sxKapeGw0mQ5sha8PCr4FZ1yWyxkmNWNQ7KaU9u4HtRLbVW8pcJryZKmcRW6hg85AXgaim1zb7WO4juhsp7%2Bs41LL%2B1%2FCO8yxnHmbcFlWZW2Bu1N28BKcXgBz1aZY4v7brWJW95ed9HB3u5RG3m1OOpEr%2Fs7Q8icqw3Q%2BApuD17IOBuho6geAAe%2FDUN%2FzxlCPb34fT9thlcRmtGBBlMqQXUNWOd%2FTGgIygP4yxQQDIw5DCKxl
2024-11-29,郑思维拥有7个世界冠军头衔,16.2万,/l?e=cba7drzHwA%2BLwXDo43jTttXZjVKU%2FoESdiwb534Rn0aW126OeVvzYcFgN5ywaNHAD96NeGo%2B1FRkmthQz%2B63k5BaeZ%2B5%2BcWktcmsCCLmXhuWD2XejY3KxCclhKVOL0mmuvSw2dHFfqkt09%2BNd96j4SYIjdPnNA05DBSAJEzJxPCvcDPKMzd%2FH5BhwCb31x7xfmcaTJxQ%2FvFPOasoNrr5I%2F%2BW9iQ2LHa9UTKX0vJht7BKGuHrwM%2F5WT7QSB99Av03Cm8ls54CjzfAgl9OnTWldbj2uUpuV%2F3qraL%2BTTpId40%2BIS0AeKqJ1L7p8hwELXCHSEGOZMG19MBFIFY0%2BZu0%2FuLPxz4KDnH8KkBN%2FPu%2BorP8cBPVCkUKzA
2024-11-29,中俄第9次联合空中战略巡航,12.2万,/l?e=4f2aHAprpgmcbMCnvZrvH6Jg2LMcQfExkLUUjhuIrflDhLN2obSnt%2Bj6SltyBUJGGh8aN9fO9njMMfkHSv5fCLhTIYTZ%2BEH5HoTaQrnJTZTqhP3TlhITBbzh6H0%2F4n1WQ%2BAzQpy7DqMsCELB69LHpGQ9r%2Bz3Wxi4d2pliUvyitSjHK6uW3WkaomeKN0jMBwHr0CCRKwrouSsvaROsuYzI4KJoQv1ixOKTn0UEcVaYg7INJAGa0o9pnxQHNdPFyOrMWwpLeypyPA8do523%2FoUBfAxYpQWjEftSxKHFKhN%2ByIAhDXNYxMnOFD2dSmKml8222XjLhmkSkv%2BwoAFubpOyGHfL5rmWTKNgzm3Qd6qSUlN14m4irmSqQ
2024-11-29,王勉 现在是个综艺咖,综艺 111890,/l?e=c478WcVtVibS0gQBZPRaqpreTW%2BNqt3dHdn806buxyvt4u3Z1o8474qpU8wiOEyvqmJQHsTacGcwtaIRglQTMVFYYA7laeApZQwFLxWY44kPytRq2n9ta8Y2W7PWN8Usd8j303HlMWo%2FAOgOE9DlB4OYulk6GPj%2Fy1lyBGIHgZ48xbuAHHcAcvGzFQa3lZ9FqU%2FHBwJtGeG8TQtwPfvoC5flu9Vx1UMbKKUqBnhxyskNtQ1tIw6rFCebmwSe0YbkEdG%2FCcYbkIlVgKWG9ExhVRIXuELcABLmVo7Pte7D7fRiV%2FoodjVHF5Ma1YiZ
2024-11-29,官方公布冷藏车厢内8人窒息死亡详情,401.5万阅读 | @新闻晨报,/l?e=2d71%2FDMKlSRic1P1lldb%2FwN1wABkCpI1vqsKREjkIkGbIHmnsqL8zaXr3SMdBIx%2B0JAFKyAFEf2WuCggUbgZMgbwPLIRW1yuKvXcS87fr%2FZqIBq80BdkXZ%2FPWFbxqtZLZV0M6IYHzMZG%2FtjKEGnr6ahX1EqDkDIcgdS9ipJl6MkSdQbJLnLuh8AFNjaLYN%2B8nAazX%2BE00ID84t%2FiCCHwht940rYlXBeDI574Mxoqx%2BPevfTQaI4wc863aekk5H6%2BWmTugUOC%2BYzZah%2B77hObhi7YkzdISwY2uG1IEkaAyyS9dgC%2FP%2B2AxDEH1YqzsPtCE99AXnl%2BAcQldXtUdmEpVmnD84TSP4eFQA1AEsKmcYdlBk0omvtZQ5vQW0y3xe9zimUBEYwMzx6eScQ7oHN5Pt2h0kbZEyVOKGwkprAZBfhVfcy7GdS2alFRRiPUbMyGhsUG7g
2024-11-29,欢迎进入中女造饼时代,12.6万,/l?e=3b96%2FH6KIVXhf%2FraX4A04txfE9d2DX1uKobUT%2FvBENqCrMift7nhBq3hsiBZaRUP46HLHwJRZcXab0PHb8NddW7qQisQbHxiVZ8crWNO%2BMYpuSTgaXu7Gn%2BkxQdug2RjB5Fui2QxAiBRiWgNrGcnPlx8PFrVCSqqF4TCwS5qNFBHR9RRNZOLW6Hiezq1WOwxJtJXdIiGdeIKqj71QRu0ey8d2HSBzlCiqpgeT7wZ7nOlh6kXW%2BTe5RlwPz0yK24F2VZ4cYRC0aicAGu0DFsK9X9Jmx8%2BhD%2FYpcKbKunIOYs7wf5xhq%2BlxyZCPKVBbeQOr2n0DaXyifmt
2024-11-29,中国游客在马尔代夫潜水遭鲨鱼咬头,21.5万,/l?e=e2b6cW98rjSQ%2FXePHAxFPxOKl96rBy6RAXLOyTpGBHfJ1MQkjzDogQp6XcuoQ1BQ0RHnxUu6NPNJao%2FZZ2bsAwyDiUFwHg9DJ%2B3nQi86OkeO%2F0KbEH5Flpp8g3SJt596jDlD4GM3jAEJiFziJG3Jzaa%2Bk2b6TwjF2f8fv6Hp%2BZDKL%2FEHj47eAhTJo3hskEpssbgm3wNtLYx7dV%2FAqTVAjWdTnC5ib8rfnoGn0jsf4UKPujKtHtR%2BGw0uOtWAsgYK6GzlGCZiFDVsmVwldk6Xqvvx%2FzPh7uS3KTcpMyzZYC8MlsUksBjkZ%2BizeZQKE10%2Fa%2BSw1%2BPTgYgncIEKDtDFpJEOVLQXE4iL5aufWtFtJNUSqgol4E%2FD%2FQUnyWmUUksm2VhkcJWoaK4OQEhXxMzA4OEuFTZjcv27pHeZF%2FZkPngm6dcfJ6fBnRydohkrfdIvOW3l
2024-11-29,侵华日军日记描述南京尸体如山,455.0万阅读 | @央视新闻,/l?e=0c03IAMqoTI8TDjdvMolq2l1DZchYDy%2FSeJr2hxNGCHluYMrEoHf%2BYyO0NmjndLldTEKYylWvLkSOy11Fd8RrSgWNmsqzhOZLDcPboFVyk1hBK2lyXvc0HDZTedcV3WmeTl37%2FxXe7MEV4leNHnFP0nYh12thNV4qtSiy15t%2FNItgLOiI6QpKgzlD8470JBx%2BSmk7r2rTCStLToz%2BYzAJaQfuiP%2FTkCU6is6Ikv0yDRUYnZlq2YmA4OA72kryoCZFCz9WIH8Wf%2B12cptw1AHUOuHcvws7n6Ufc4YiDuf7yDlU8wMxsrZ1HaeA506Wb5aaCuhHhOdLQkC70RbBEWLAzW8tW6KtzMzb7nLYIdrYocjkM5pd0RuYiMcqMr81ecNiC0KHkxFCgOOomfAV%2BHzNa6e%2Ffcd
2024-11-29,古巨基钻石败犬live首秀,演出 134988,/l?e=73cbAugXEgkUqcuS060KqXOj6LJlzZVr8Vm%2FFVvL1RdD2%2B35BhFQNwdppzCis9g23D%2B3AvswMkCnp6hzw94k96mOpHq%2FXsqJJYW5h6z6BQcVGeOYLifaEKSk5bfbNQUKdTyRnJMHkLfOd0Ee%2FI4kJG0RksspJBgMkvDwIgSIXlCXLOgzU91HbOjxu3lg3VH6MjTweAJXtuaalwzTSiXLL5au9E2uc%2BQ6aJx11Ih1q62Vty%2BH0dIgbFE1l98Fn18gCo%2FpCeVcgWFZYZmTGc86%2F2fz7Yq6HAIzA%2FitzhEBwyBB%2F6ed52avBDnRu8cwwA
2024-11-29,巴黎世家售出8天后要顾客补1147元,66.9万,/l?e=e673ClESf1U1WaTaD7mUZEnnqPfVjN9OFtm5HWLOB%2BhNNjs%2FI4gvON7G%2FeuHQ0ix3Du1OXlIAaGQe2%2FSuAQ8SQa7x02sDLdJHb5xEs446pL4okGWv3vVDCKlsk6Rpj9H3ADU3WPLhUvxcryAbT46FBxKDcweiDnvx1JoX9c%2FVkd0GAr074kzqKLE2o%2BfaxRrbOn8Q%2BpcHUxRP7F7xImeQH6is0wuO%2Bqmqo2Q5ZKSJG%2BpE1EIfxC7plTIur%2Bh1fDRTpkJ1HphRMeRzH4J2%2BPunReqdI9YGtwjRs8jEjTE6Qt6c1xSAJ9wRG4fEQNgLB4TbfVjP5D9k8JCkopwpom8HOWvi6AVzkgqk%2BlPlduwxellV3C%2Bgh7B8ylj1KN8Q7pDLFH7nekKPct06UA
2024-11-29,虞书欣丁禹兮意林少年版,剧集 137691,/l?e=740fh%2F0RgYaZaBeubRx%2FtrN%2BZDGtPGUCqqNf%2FBTF9cqlbJ0bvhxbAQNChKXcD0YpTnDInMVbTPxAG0W60Ftlb1PtVQglZwxUnzYEvgsdDjrAFF8UKZWqCm4BQkp1dpdIS7kuk9K3UWD%2FZP1fvA%2BU0gt49sz4tIsM0p%2FZEVHFFawJdOdvhG9Q%2FbmvweQV03X8SVVksvbzvRsYFu7LRIqBgDXRsSNilcOAtUdYMhB%2F0JNrCEiTgMcR8xMo3M7lAyr5RLta4BztiU9iRlG%2FbPX3ShEOedhYLdKjbvkluotv8P%2BuFZDsJj%2FFzeoVTICfwkK0eGKYC1%2BlEjKQYhxmO%2B4NOOCbtyism1cS
2024-11-29,TES官宣Meiko离队,12.9万,/l?e=2767Vj%2FwzDg8rXElgfzIJB0W0BsLnXxoD3TrCE0vdzqQKvG%2FX70FdHQdWzaZZKruzJ%2BvKaM0Rl65pEtfvGJVWE8SCRmlJLw3LAS%2FPGoPUzPPsIswZxXwUgCoi%2F776KMI%2FwuEfbZljhaTiRsHaAOJ1RWdcW0h6Qti64nE%2Fndk8nmPVTunKYsl50dv7gGGW5KnbdMHeEUSUIbxvOgIFg3yT4Vo0WuAgHU
2024-11-29,唐嫣灰紫发色,音乐 110851,/l?e=1bbdnUVk2RzS5PNAuAaRqiPR1eNotcRqrfuRNN2XttnOJsy3Ygp2J0EAR3nqNpu8O0YVYmtjprahJANoB8iw6cPIuNBjKjlbm1a4vK22F4YkhvNSIej5qnknzIl8zYuk%2Fre0LX6VuzKa%2BmoQ5D3mX6AwYN7mGKK8Tj9iSKFBs%2Bb1ZaA4ggqMOa3%2F7CxSuqleAyX4%2F%2BaLx9Jthpeq5nWgEdSkXHJGiAYZQDJIMAFJmEBi4%2FCcys0f%2Bz5bk20h
2024-11-29,韩国人的精致穷,40.6万,/l?e=cfa8JEPnsy7VWscH%2FUPOKCXld51wjNACo4ggJM82pCpsvgv2zrlNpONavQUl0jHaSANuIIEtZWGhHqJ78J50tvS9FCUoR5ZpCarFfRRmlVdqt8UVlx7zPfMBu07jLbqZOmb%2B5k45PwdfzBYruDR7qPZUoY%2BRwTEtxqbTUzDl9d8Vf9bE8%2Fe1R%2FA6XtruPgV8NhPUi7crpN95uJk4tXOhFi16mek7tgDsbrw6rrlfPqdoRbyzxjECu2QcYjdoXgFQrYX19qabYroWshFJ
2024-11-29,林一长沙活动取消,20.1万,/l?e=f823DcKrJXq7VZTrshRWtAFl2xKU7HMJyN2C3qTTKTbva0hS8jcMsY0Swxu6PKAuna8nIuXFWRlHUKhC6UMfYUT8NYfzaR0pb%2BXCZQF1HiAw4p4Xr2t2kKffgrBi2lIxNsB6mn0r29tCGIEhdfMT%2FM8en2EYewzOmB%2BLWY0zqeoLzDiHnqwtYGuL1l7cQ%2FAKiMIu1CnwAkAKcL6MVQLD2I%2BRicBaxH9m8huubIrVulb7%2BW1u96K09P%2FuWJBeZJX3KdYQpz11KNv7MoNnGQzY4vhQV1l%2BjXWfzPCv
2024-11-29,年轻人买的水果半数是情感商品,14.2万,/l?e=f629OqXnXgxVzkrjf9I0wCIXZreGc69ukocbdXVWByB8dsUOTgJ%2FnkXZjadBwcERhom2ZBkG0ZicndTygBa8XHh8KIgYA5uBOMV5HoDCL6j48nAO6Wu4Ji%2BPWo%2FFXRMkie5TvnOwfk%2B%2B%2FGGqESuhc57bKxWbH5Gas%2By9fo5sfor2%2FUxk%2FDNLMHB%2FkqcT4hJMf0pVwhGOjqRPVm4LDg4gHwdLpZL4CpGlP6Pi8yIYFa9Hn%2FU4oRHojt7CY3pasf78o%2Fqtj5p%2FCIgEFf%2B0Wsoj%2BlGJMYoZyU6onmdV18sGw%2FzcB30QB8sLmTRW5RkIw5jwt47FteWgG%2FhMkRLtF%2B6pDcTgGNu0vrB8I8jb5P%2Fny2imyezgxAXPrbQBQQx6f2bAQmHbAQEl3xuexbNJTalQNkzgHGXQ
2024-11-29,林一霸王茶姬活动,13.0万,/l?e=d816%2B5ChxtM9bjWJdkOfMnZBKk%2BW7nmNCGofhw8e1c0dw%2FbYvF7SF1GJYWWJfhwLjQDsj09Qe%2F3Ge8fUUts7sQatPdvndxhFKcZ1rXUMw3YQdOoxKeqOKhvbGeNhtk7O4TLMCiO1z69wSv%2BT5gx2m8PiwwAH7AVM%2FOEzHJu1vdL3jEu2CTBh0v4n%2FiRTDAFicsyc1xOkX7ksB1UzKDD%2FVp9bWU7a02dJBTg1e9F%2F10yGgFYqQOTYRT1rE2u623xIpaIE3730pSnQsV3SuSz1GMRp3FlfmJgsB4ag
2024-11-29,侯明昊无处安放的手,11.7万,/l?e=b735bJxRLbYUJ13z%2BqINJSmKoqrA1JYE2oU4WG1bJTzggFWd211Ly9LFEbm4oxLRqjuUl5sYiwaz4NHH5eGbP67UuWCCwV0Qlc%2BolqfwkhwH8RpHSLOCgUhRZuBghYnObmZvvg04hcXYjyjEjaV9jcU7AOMer6VL6T1scC2971jwC%2BYOfUX84a3sRyknEqw0YNx3lYO1ko1KWVie9KYkT2EmuY%2BcWhIv6k0BpUZ57jAAcVNyhtycHpN1IjSTeOVhThpdgmlM8zYsYrmcYWi6EiVTq0J2YWIjiFzs3yffcLeLE5rfp4zEowla
2024-11-29,上海体博会真的太好逛了,12.5万,/l?e=efc36fVJnrza09ewfOcuE9BgPJhAHVbMGhud72HXRCOiMx7CgKXhfmHJQjAMGtuSl2go7qGtmbRZTgXuWn0xQgh2dfmNVQaKsVDXL72yy%2FX8YWgqQnDoiqK%2BoZs8YfAL7WioiT19jcaxhf3qY6YhA9Aln6Mv4huypCCqKXysETgKHxh03%2FvQIosZEINP43N75aeLkiDWctPF0AsI2imrVAtKNDq%2BKnWgjkuHhWQ9swC2H78%2BABuvtMBhs3qlQoArY%2FzM236yTtkGArUZ7gIqERrgAJa%2Bpf4dCnfsig7yTk%2BtbfVXzcjz2TPYn4H13%2F%2BjWwnjhhF0Yze%2F6aDAZ6s7R6B23gQfO6AS
2024-11-29,容祖儿心淡全场大合唱,综艺 134258,/l?e=4f753KwtD47ag91l5Vfkjx7KFLYh3nAiZKGQ5%2FT%2BoCiZhcssuznXbeGXUPHu4KUaXH%2FGn1i7rH1nr1pCjdt8Ak70IXtNHUfII5KQUJqb%2BXLhuDbpXXdrbPvMwrhjVtFRXFOA7e97WvgBkvvIUqcbigvLV69a7Riev1ogtWvw5dw0bMgnPAaCyTfD5YPGJ1ieMrw9SbwHsjEYF68LvCw5Tqnw5y2MpdP7yGDfYR9cnr9Ei%2B7iL0Row%2FG98sr4HOC3rDq%2FHfsikp2mSGGCwtXDO7O2p6HWABndQ2ncj4b4mlnsxSMwHj8wRcgL4HNlgqV0gPBeqgcGWcHc
2024-11-29,王源头像P了个新帽子,17.3万,/l?e=21dc7rWVHLarr4fCXW3gnC1rOGzQcUELwqNMOb3HfV7idiyAkS%2B8o8r92PvfDOIV67q4ggK%2Fj2%2B1jbDS5q6lgySLbw8zpxOH6Zf5hBH4G9boyhvY0DLmZ3JifDpcpOiYQxuOcrokMEu4obkzyl1jETRxIayqRDDu2xrXRxl4d0liTygrIGYN8xKSm41tl6FETNj14LVbm83YYZOpmnqAoowtomS6o0YagzTJvZIFl7OIyqBT2QZ65tao2XPQgapECSFlwTcl3ytNv%2B0WHnVArriFGAR3gdox%2F6ow3a1tLUIcMj4xYby7BJAhEQ
2024-11-29,再见爱人4第七期视频没了,综艺 334653,/l?e=2b964ieaRH1hyDFBeEl0yzxJWiKmBtEO0gYb9cAtCjmEZzmQlZBe6qRLGF5KuZXmT08Jcd8aYDNvlyk%2B0bXNJk3gf33eay1u2kI1%2Bc5AS%2F4%2BkfxFo2L1UKmXWwBhDv2jl6yUbG9l2q%2BCPmeUpYA%2FsSGn0dG7f1Rxf%2B0MK11bbSyHXb1Ok7e65PUmBrfdmgb%2BWXUU7g9XnqWrQpRrGwZC6vhGlw0yMSVd6UxxUXJ4bLZ3jt69dirAZ%2BZYD859qcdRcABbcWhFI8C1wy%2B3L5j%2Bz21onEpa%2B3Em8%2BeEQetES3GNn97R110Kc175%2FeWam5uGZkCX0eveHd8UVKr9H8c2UpYz%2BQ4I%2B7bHcA
2024-11-29,优衣库创始人言论争议,19.0万,/l?e=ebbfsbRNaIDGjfB2Ui%2FOMwmNXfl%2FH8y55VPNVB%2Fs25pH%2BAtxNCXLyEVBfiAoxNp5vnOvx9rj%2Bw0h90WyjJD7g3T1esIYCNNYAFlGNLfNauLSpnVxRr3So4773tMPn3jFlzGoMrzyG2LkYG4GGeJMDC6Cfp23M%2BnC%2Fr3c19wY5Mp%2BPx%2BX8X61TDe1AhKs5BWENBdNQvFX9xmZCetP0M3ojF2fAF%2Bsh4DLxmE9wfr9KhDDmqhxcDvO7wTwr%2FnaCLVme9pcs4ugs%2Bsd62ZmnY1%2BVJCaKjmK%2Fj%2FDNPoRVip9r%2BWGS1CVVIe72bcfU7YOe5KMFX9zF3g8zhLF
2024-11-29,丁禹兮看人深情是因为六百度近视,综艺 132684,/l?e=0315FSC4znUjIxm0WNQkGk0zIQIgMWqYXCM2w2NFmUjECBWnRL92i%2FUXZvoezTd9nxHVpEvEXeJ7DOA%2FCj%2FDJO2eMZuLOLnwqyGyrwiUIV6bvnj2ahecQTZjbBMznbvrtVpqbDjZKv4IH%2B%2F8RB%2BZSE4Yg3Ycv92mdZ8XnEV7svAMADE0yImOAtEn9tx%2FdB0aj20TZx6LFsO%2Fyj4dEnrHFpaz1yEz49YesZpJbpbY1EXInxqZvQjBeTJI85F%2F3kjL8HVwdy8DXbwo7rxpUWM19JEba0nQHhKZBWVjR5lZmOiM%2B%2F4rQ7J%2B5el12mKInlHrjiRMrL%2BiUmNFzUsjd6%2BP71HdS8QPJeB9dgqINgvUd5n2toTbqA5A9au2kbigJyhdKObdxzh89kLJgr1LMc8ojo3kPskmWJG5p1LWZhLQiV63kOD3
2024-11-29,奥斯卡宁荣荣 新还珠格格,剧集 123615,/l?e=0e416PflV9FrfCsPSu5qmc7O2bModbw4nr3Hi5nB305x9MTS3DxrSH4mjJaCN7fX%2BtLIAKQQoczAmvb8X%2FE4axim1XHPbkvjJ5QwmM4UyTJl5pnXiYuGI%2B2%2BQXzrBU%2BAoZdrqxpejcdQKqC05wAjgYdmK7VUaUerksNhhF%2Bf8TUyyFIfsHdtggiO8zA8gtWZSdE3pUBJIa9uu%2FqONPNBoFOkvTpyRKUPeTUQEoqIEUDPMMviFL0HYXLIEwVNb1fnepz5jSMkPhdQHJGG6RtcVRqOpxmexDFd9zxx%2FOMBEmQFlwpxzlwEAmPBuskm%2B6zy%2Fxh2vWcVfU%2FGLSmKRk0YMl%2BBlos5tOjFEgWp
2024-11-29,丁禹兮 包治百病,15.1万,/l?e=e41a3GsY0g95h2IJvzjyEFVwSD97yQqBC1N0oXsix3%2BtqnxkM31a%2Bjv%2FnKNCIxuweB3cNTaqWs%2FL%2BGI9qWXPzHzoIkAyfpLW11kgfjdWsCUrU87vh9i0Xp%2B6t%2F%2BrETuwwP9UIBkSrbz38SoMSMV%2F3TWz36nCAx1TOAiD27xDpPHsX8soSC68zAK3GDYtc877Ez6mHZPQfG6O4lzNrGuXoUP53jw5CZOwZi69%2FzeCCQijRhq0LHy65HN8LQ0fmFaQxsMpjxN5KwRoGAnrDR19
2024-11-29,孩童被未拴绳狗咬21天主人未现身,297.3万阅读 | @百姓关注,/l?e=c0dexaL2PPoNrbPAJvjKLFUYjwSsEVoYjSkjmZbtxRwLfNFEzLuC%2B2seVdRkHAE3Q%2BdLN3rdzSqcYHViLz6vAR1oAyJm0Oh9n%2FNGs1IJ9ziGdJwQV9QYH7nAZvzcHbVPC5f4C0YVH1eFm8aspHqr%2FgSmiUn2NxPSQHNCJJ4jbj83FYpbwidUbWxu2NkOyWoR7Hg6tTAvA%2BTrX3dGn17jH9iiFky0F1eHvvn5KWSO0StEmjbLm2EWmoYMfoALXFEiYsMNkBexSf%2FfQE4Cqe4Rla9YPHHguF08hHRHzwdKc3KOKQpsb4%2BBFQheoAHYXaXl1bjgXEAhowufplO%2BSQK%2F%2BuWBKAPboyzlJJrTxnwlEGcjlO%2FUQ%2F9TohFbOXF4RYbyG1w6hbS%2FRGcCNL4K%2FkEkTJZzFKuW0Wg
2024-11-29,MRC对战GW,13.3万,/l?e=d8b9tRwoIYQN7Cd7jBQmUybMZ9WuQILguL96IgEE5YfoaD7AEPfH5CjgCgzQkMnWON4So%2FpCuRVmBfYIohfpmQCsqevUxSTUv7vw9U%2ByFeHVDVVTNxKIWYfRVs6c5LkYMjIi9hFVTKuz%2FrP2oE4nzpgTtqQNnz%2BqVZHaeJdJkLOkA3TY1S4
2024-11-29,有毛利兰陪伴的夏天和秋天,18.0万,/l?e=c022co1MqIeVeRSjLjpYmxE4Ysri9mQJldAGO4ah0diiyqt%2BGBwjItuE6HNuo1bLpIXhFv2Itx5Mkj%2F9DJ4UBo%2Bp1pVXPwWS6TwQCHeweHfZU57KptxgI5dOD1HI6dy6OLzzYwDVIEZTEvCNIjCyRw5RpL5%2B%2B%2Fn4ufO%2B4jClcBqxm8rq%2FRZwA2uWkENMkGCz0s5URtredJwgjxWlmv8S0QweT7iCuMuar02xfYsixGsStTHSzWnGdh63uA15HYWew8prCtO6xT0qJISC11cc%2FEQojo0EPNN8ViHPI0oLkEY4lnS0YD5k5q2Qb8CvKyyEyqxkgK1jJ3H3kyc0MjXQ9Hw%2BQJbXlekJWUCe1Wz9IzH%2FFVd5YYKD
2024-11-29,南宁一家长称15岁女儿孕期被砍伤,11.7万,/l?e=deb08MCsv1XFFM1EOtMK8bpbpQG7s8gsIUPUtr6YP4IKE%2BDp9RHmyAEEn38Y80wnZBUn1L%2FzN%2Foyli%2ByJg9ZVOr4InuJZi0bU03Bc38aElVn83LuifRDZq5SxJ5v1sxpEQTkOYAfIEg17A1GaXeuxjlZhc5iK1AJ8H2bLqlXmD9%2BOHrmHCO5KNz%2FCmEvx3wUPFzotc0EJpKJDEQFUJFrm9JMe8mxAu%2B4uX1yiEcp9I2vlWcoKTQzXQndDRGwpvNaRams%2FJy%2FY6oujZ%2BzNGjM0y4CkrLKZGy2rCha%2B4mOR76jYCXNaYWZ8yrQRMSJ7NYTWhotuwnO2O9huoa%2BCyuSnCgdiKY9pPls6j6zVirRZ9P5fCqYiNGT%2FmBIIli6Jk6DAg%2FQ6u0DU7qMDk%2BxRKq09jYg2xgLLG0
2024-11-29,杨子黄圣依 人设,综艺 110717,/l?e=e1a23fMuPrCL5LXvhKeOB7lzNF0CNXJkODT5DczYiqzbDEfx7Oc4Y8gY1J%2BCexluDn5sN%2Fnb0onYmiFwqyAOFoM%2Boael50mV4HdevhHllwHB4uynLfXnKsHFoY2%2BMkeH%2BW1WNyizSE7LuKlgjZDJfVhmbqyMvXgGwrzx2dsRJYGgYKJDv0CF9mXdHXFtUQxE2M6unUjITtUjxaj2iLONw9SWMZi0gNwjNSJYwazTb7MwyYxuyQXYbi06Q2bWwic4LhiITbeU7I1%2BD0%2FxK1IU
2024-11-29,张予曦 初生天使,剧集 127019,/l?e=cf40rjDOg3zfpz9hQetXenBmbeXj5qy%2FZIRxAYnv31BNOSv8iEYvvYE4zzuVxNrRx61nRItjMBcdCEwgihTvkyMPU5bdWGD%2F0e73Z6Oj0JvkHrwITqcziTp1RzGmb%2BKQHMtX42PSDcI0GjPE35upDs9D8uxRrzcpI%2FHSoH%2FRVKoulnrhwKWhFjMWtcwQNKRJAfjGTGnVh7S8TD3%2B2sIbnTPkkJaJmKHIFQ5WYlhcMGUN9n1ontzJjkKOcHZsDqXO7Y34N%2BEJM92UdeUlVoo1
2024-11-29,3人1分钟抢劫金店价值千万财物,15.1万,/l?e=eb3c0kLgmWnQAPzQmP%2BiG0W2rw%2FAVzEvfLvxilCjd2DiTQd7%2FCGiqn19Z3DmGfYPRrdKPiO8bmrtCrg4KpcreCEPrHuB5dzm6ooWSWq7fKnp4rTnrA8K1WFhkn9e%2FE3TRX2zWK%2F3NFypAq1B9Wg%2FeL9NUIrLmdAeM8FDXZ3banTKv3dmrnCu%2ByD19JKG%2FpB2JUGH%2F%2FOOtlBn8biV2WNnh0ylvLXGeiOMQ%2BpCv%2BePdmo9fu1NT2xGDlYI7Ah1AArgzL%2F0OrWcztpInkei2Bw6SSyG0soVdv7faBvKEOdLv9HxZuCh%2B9x4CBJZNUVLZ90%2FXiqiQYoQcj3OwhmN88%2B2RwjY82SdRwS0%2FmFNL3otMh%2BXLjINdlG9t7plgB6lhRzdLvzzgCKVfPc
2024-11-29,派出所回应山东一金店被抢,721.0万阅读 | @大象新闻,/l?e=e2256VvXNVMb%2FwKdAW3efhP2snazOSj8FbMdDeQOSm03DHGxtuzs9n8om91f616ifET4Iyg8o%2BvpAaNkaD%2FvVHdUMKjZqRr6wK0XD98Z3ZmmwQXZk1%2FAawhgMCF6gXf6086R%2Bcpu8x4fIFXpix%2BT6NJHkok9LRHW1yV0y2eB3huETYOfZmHlcLAx1B%2FnjtXmCYvf3QiVls5PtxE8uzK6FLLSze7Zk6fdrM3BPDYsfLzHKGoRsn126UXe9j5oNagBxgnRCWQ37VymoKTd7NcEeXM0wvBAFZq0mmLw8bIydZRhue4DVRLw2%2FWVU%2FDuTHaYRnXtWRwNafxEy3m2mV5W3%2FtxVpsmTtkaQLIMTrfad8TppQYaeNRW
2024-11-29,珠海户籍居民可一周去一次澳门,1021.5万阅读 | @珠海特区报,/l?e=be5fb%2Fhx2uUQtEThhUfAeIHNKHK4wRJ0UZ8tMaGd0K3yIlrd%2B2xgQiaQC%2F2B0%2FyIEO4DlSi6xsaEHsKkxC120CqEAZ5oWzWPmcnAWkU2VmtsMzdyYBG4KZeV%2BpqsDUoja1hM0aKy%2FSoEfxjjm8clPi0ZE%2FUCxg%2FDCNo%2FOmeja3BylVlassjShhpn2eKwt5vTFvlp5MgwrYS8Mnp03sCEDErK6PcKrlbnW713PRqhQtKAQskBGLAiZ%2FbFcN6ybL9P%2BuvfZsP0GoyUPabJ9xvNqZlAxWtpKFenchsTsepPhBM7uAOcHHklwfYfeVQelV2YKshK7jrCNJ%2FMua85p26YFySJrhA5%2FW11khKqLpKsX6zQR3M6DBij9vcJ1cfT2pgTN1opkOwNhQLlb0V4zp6IwJ%2FUNGXz
2024-11-29,蓝天救援队辟谣外卖小哥海上送外卖,,/l?e=6797F9SP%2BMjBYinqB%2F1dBEUDb40nuej%2FGYAxRXErwAYE6nSeskIJLTBbxZhsqm3m3eaIq%2F%2FgBbM0cFCSgrbHmPO2jf2RgGubBbh3k3wuwuAoavPaG3LOlARsUSPWZ%2BvtZ6mkvpYZvYDvLVtwb0HRiX6%2BX1Xjz%2BVEqAz9AnqlKVTkvbGkwyxAh1Xe%2BlZsMDE7k7FNftH0rAxkpHe%2BG3C3SjNrpszyNvflBTO6fvDvtXL8YsZKppo3O1lBn8A8AItsm5A1%2FuvqjWylwwRnBEWb0nLAZlo4DCuRBgfJf1A67pjLUOxtv7SR6NC2eCLkGbtBDIXCtfN5%2BwSPG5mCqj338Hz4MFGAlQNlEDY1XSJQbpELORsrmATtJ7bHwT9DpYBAsFilhWSq0m0em8IX0tR2GOELWskX9Pw%2F5BJcIYG5GvLIqJ435BZ95U8DeltWBsIZzXkq
2024-11-29,卫兰她整晚在写信,综艺 136195,/l?e=4a18sa%2BFixly3%2BSp5ChFkGPJzfHRxZEdp%2BbdoYVP2W%2Bft7%2BkDKQUnYstX94HQRnnACKSeeCmqMGejYxvQ1JcKrSaihWd5VQ3VZX9u4GdLOHKkvkRyQzUuPqb47t5QkE9eS2GPejqmXykqKJKBfmXmnn9It0SezE1B49QliMW%2BjvsGacfRNphk9FjtYA85xtBSVflhazPiuYVGByAEZeytZwDh32liyJ%2BYFoNkYacKuv6EacB3HgTGdF9Cn6rHOLGyLn6Mmw9sApvPto3rawQMszNGYwYD2r87JFk
2024-11-29,鹿晗好拽,37.6万,/l?e=398bbTkBEQglzdfDKu7IUxxRMISbzauYMhvVIljxj1RCa0UX%2BPupjZoLhXp6BhtcrmnR0lxyqji5EvY5%2FXIxIjGASCZzCsD3%2F5uOHQXEIskffzWjdwcI9ao4TMNuiEj2cJddjnCa9aG%2BXq%2FLh24KkLVWqrslJ5Fe2tHJLkECd%2FngWmrELc36Z7gy9Li3sZBXem67J%2B3WVJjY1eYm67xz
2024-11-29,108是法考生的幸运数,16.0万,/l?e=1081eUgcINN5cUb8b24jb811rV2lVGtiwOL3THh7aTzgP83g7i4KQ1mAjQhbXKgAI8GWt0Mo6ERcL45nDbE%2BJYNwNo6%2FIv2nIvWNOC9enJQmdaEeDsJ%2B5OFigXkrCaxjZ%2BIT5JvWAINU1258p9aOu2bC8mugf1Cr85wYg0V1xGi6xoZwOC3MR%2FWgi5Y4ssdeuyGwVRgZUYrJcqVdSapmU8Vxs4Jsqx8x5D5%2FyVQ2IFbk8Eus1oe2IirKBbLEwTNMA6Y91D8v1YQr5iLYaDn6yIU727fLekNCGj8v13RY
2024-11-29,NewJeans解约发布会后首现身,16.5万,/l?e=3208LNmXgrhaiYNsgHtuJJkuF3kjxx%2BrHXm2PzqO6FNMXEk132bI7rky7a35LJd6xOiL5Uz3ncTFNs7RN8gMmy5F2B65YDI9GwWFheiCOy4wAZJ1hyhycfJScbLAlKQ8gB91yJFVBQK1T8kfkc1EoaJCgVq9XQKyi4vY1HEdFrhEvtFHfAsIeNQMFRA3Z3iiCigCASfuRawp5OwZvYQl1LK%2Bz22MljzzxVIHx2AaDj6xshNGG%2BXLfNwAOKT%2BM368rJ4qZiNCR%2FBHAsEt7PrdLmN3iXcZpHad5LUo4k6j3BQNI4mmCOVlMTg6Fr37Xbfuw94
2024-11-29,唐嫣COSMO文艺女主大片,16.5万,/l?e=dd3bQJA6XrCsDOo3TmVDrcFDfC3wmCM5vNMcEVxEe7zwnSqsDqAmuIfns6%2FJprVnq4iLVkmeNncJ%2B%2F7b8rhWIPg8owuN0OGZs98DvBTQZiS3%2BfONe6RnXCEAUKJGMjaUaCSdynQF8IvSjCjsLx%2FPzpJzqtafYT6GgaUvoR7yUnMIYfLD%2B61FPjnSpyT3RvYjroHromeVOw538aB%2BIE6a8dmQ2c5ZpHmMa4ZvfenjdpuiqslmZfILCw3OLVfpn2VQ9Bl%2BFq3rx6jL%2BWNj4qdu7zm0s2iDJ3mH9wpXnWwjdQI
2024-11-29,何洁时隔十年再唱rap,综艺 181138,/l?e=4badtarrSmn5f4TDJU%2B0BdX21BavrMi4hN7xRSrEtNmqb2zAiNV5LJ%2F62b2bOujLONVj1ZTtwg72ETYm%2B60XJbuAtGsq%2FtBpYQTOD0m1rUbkzKED%2FtJ%2FCSYT7hKorEBs02nd1G02LinkgTjw9OIgmNIwQnZaEyQHqZKDD0xwJ5Ggh8u84GnyeMiBn86E0gUak0NS%2FhFBh6eJv8S7Hbxy3JNRCOSIMwP0hjrP6PWvZ2jxW7T9aexF%2FRq5vSOkE%2FOMO9yVmIvpWpKDxhnKd%2BHOfJixFNJraD%2BeIbVcSQ3R
2024-11-29,古巨基cue宋亚轩,19.6万,/l?e=580fqHuQYqr4qB0cu4a8pfnbqp0R8pQ0F4aXZVGNokvKVUGlOEwRHdBS5K%2BeyLFF9F0SgMsDmet0U5pvHy917TNADvwyNVpLjoGqNgfHWsfj%2Bo9FOBpc3HoNVy8tB%2FFSjeIVHe26l6vyUwB478ur3f%2BBdVSWVVbdjluTOlluNVfni2AzdD9C3WcxEQAMQs%2FqkoICzfo5s049MZcy2h7KYVKYPBtzltuXujmPtrYd0hPZzHLaq9yKXOsUdtC83Nbw
2024-11-29,WBG官宣Crisp离队,12.6万,/l?e=0b98bh%2F7fJicnPoOqj8tyl7LKCkEUXOMd90WgS8bKo%2Fa3bLOvUkxVUjhFW3O8zk%2B7LVklMCnijcwWz0ocDTQG1iW%2Fp4k8zRNbeRunff%2FnIdy9RZDF%2B4EA9I3oAkMQIU8k7gRclXwk3mPQyfHSvMJz1Mv6x31ogaTuvSL3gjTfpw94vJPW30YtE3mVjntLKXscQGhI2YCf%2BGTKyzcySXSVm%2Fju2VMA30
2024-11-29,11点05分是郑思维进国家队时间,14.3万,/l?e=5f47SdTZTHQNGlBu6dr0aK9a9iKL3PbkgtcdlR2so9V%2FKPq5vnSsA2onh2wdsmQ82xjqbnLTNYribAEOHLJCf%2BPBTTQA7c9LUeF%2Bdd3jD52J8yH22bwYQB2LqPV86Q%2F0a4gaAZEm0jTol3RsuY4wZqHtmpU2hUyS%2Fe249ScsPcyjVad5yjHJb3UtZP4t0ktUw5lDwpNk71tsm55rnNfkcDAuNYreTTqQ8%2F0B1Bd8mt8BmexqAIkcjQn7SGTyG7fYGaaNOb8GW6q7fcklGVvQlPBI8eH%2BDfEz0GVjjZ1I3xI4SUwSeNh4PDjrL691u8OxboHH2VMam8GiFp6eGh8nJFYzuqm3YJx%2FGM0J9KcYOXcAgEdgwwO1FubDQA
2024-11-29,黄雅琼回应郑思维退出国际赛场,30.2万,/l?e=317cA2IDin3UfLcpVCxIpb0USw%2BQhtWPOSEhavb7XDu4fzavHthYMWMmufq6IcevSCONOK4KMNdRh4rSEKOecn5lmMtB5kT%2F4OI76h%2Btk54dnjISRV7Q7Mgr%2FEb3yXyaFJlTk%2FAJqGQSLG8%2FatIMbz7hZteFW2ahAsPOYwiyp5lxWq6Oy7iuJo7kDnKwc19XdI9tB36XVXbYa9o4iNWV2zgQO9UV5Kd6s4a8j0fKaOHK8VBBACSh5MCNtiC%2BosMFSK0kGPpt36f7n2yfjnq3Djuaq%2B6AUq4Ei1qQ2YfarHaYJoc0trdy61VdTvOu94kGLtC%2BEHT3ATmRwA9dQZ3MAHZ3Mt6df%2FCXdEj1A4%2FC8k2zhtmV5YzN%2FAVRkC8QFrQzVN%2FBwYZQWEsCxM5dAHcEgQj1xGN5
2024-11-29,中国奥委会祝郑思维一切顺利,15.6万,/l?e=42e3CzZMPSqw%2BEpm6nmXh7%2By0oq8kL64sEV%2BLg1meNxXUJDSuHrdKT37dcBKJRAwXCxRZd2oEMFCZUpPcLh5e2bx8wFrvBfuCNzC6lNYhzBf7DUA0%2BFW2KxmjCAcYKULuFqJFhICLSjuIFurT1hJjH84zukVS%2F1vigkF5SEftfhd%2B7TCFyvFkAu9fLJ09KsK%2BbOseFzw8fN9rN0HwWvK9OMfMN4HJCDqvKKnFBQch0tVmchMAxrI9pyWioqVUAgxoZ3l6Hf85myNd4FypyDmqBgxKFapeo4PsYAXs8RB%2F%2B6U4Xq9Haoq859Ju44svcMv7O17VRnCuB%2BFKsoq4VIqnm8kre7zhSfDgiDEHYa3RYa%2BIZ3INcI43ZOmbdIbCH%2B10cpc80UU
2024-11-29,陈少熙预言家,11.1万,/l?e=4cf4BqWWy7h35Very%2FtcAUIh7RTAZNKTqZTEiZdogJ77a7Cb%2BOiTzAobhVwjEYeyOH1ENtelne%2B9b9T0J8yT2Uwit%2B0P3dL20homw7k%2B9AkQIF1p8bc%2Fy%2BTR1zj7oRcL7EngKw3kXlJFehip0dIBYu%2Bpi8xLdhZhIRirBasE95T04S%2F9r684t2AqbA%2BXSvyIEhfhg7ztsNUwfmo3%2FJ8p1hULvhgHVkqBTmXVzT1onFUcsBCQoXQ7kNHZHLru
2024-11-29,羽绒行业人士谈生产内幕,1315.1万阅读 | @九派新闻,/l?e=e186IdWe3QcCjyZVwH0fDbt7kSnDKJvHZQWG63hUnmIQhxSCrCBOUgEXPeVmYxHYQjGIDjAhBHw4KmNiXqnsApiBnRS2AjazJ1wsbpDgS16jOlg8A2YeGhsMPgSNCDMdwrD%2F%2BFMtdq5ahAZS3wjCF581a0pnkuKGftnIMgYbTImck2t44ISNAMPbcgK6L48m%2FwdKKQzkwI4iyHQD%2FrtkvKSm%2BKwi1z4OZvDnU1kAt711OTN17SZS1n%2BNtw6jcxUwp60%2BSst2t1nlGKapb1fLeL4%2BBkANyIbC%2Fo3JkTRaozzs05GND0oSh2plRNmGL%2BnJJVB%2BA1Vqagf0qx7wEJ55WOApZY4IN21M
2024-11-29,官方通报学校食堂吃出青虫蜗牛,511.9万阅读 | @新京报,/l?e=dc5a73fbmFxrMBmDLLcie5ICriVOg5lthhPmunEHb8lQSGEOglWCHywlVNePgGGCJnc2t8Cg1dzpKsd7D6dD2N9NsMRfjaF29DOyuQMCU9%2BgtLca28bkROD5r2a5nyYF3t9Oqo2WOpmR5x9P92V5%2F98jUqJIJ7pdGN5eMMBEGYAoEeNUazK1dV6wtPaa%2FvEHzCnzupDov8PybH%2BveSWBrNNkPruiw%2BgwFqKFoZq7GbT80BT4VgPpqkpHewiMJMuF1F75L5H7cY8pyfSjFDoL%2FRr7T6X5CxDhBp60ETaurQuyBTrGktmQNEDMe0tiIk%2FB06SXHav9L%2BEfQJzjIiKoKqQpS0Z65EBCkiQRGflo20%2Bo6sTJ5Czy%2BBG6zB0vYNPHhYZLsuUqdxCQXSO8mWvzCI%2F6PdWU
2024-11-29,婚内婚外老婆情人饭局修罗场,剧集 116034,/l?e=ce32iNJXu5BLmq2pACl8gc8j843gx%2B5tU1Bhd0dBekCLmKbPOLoG3Zed2VNW6c11O7uwPPnoR4qhzdPEyb5xNe44dMP1EVIwCYCEedzIw%2BuvVVqHwT5Z86o43O4hvDcZn3usbhgCmckUIrhwweDWn7eUbYBDyUiRuZLJQy8QoUsyd30cgR9wkdCepV71aWETxYEZuOS9P8ejpidV6hKj5gHgRBd2LH5VYoucXVIN1VGnj1KoKSoyyldSmxS7KfHeqg9JzSWSir%2BNcwqoLAa5Yr%2B6bUnjrDkvEBrp6j7M%2FbE2U0aux%2BNqWAe9WwuOmlNIKaT36NPe0RV21xoSIwYkM2ZlQGNbqMeDpSnpw8OkNUZPJfwHhdNiCdMloTtID5EA3SZIePlm
2024-11-29,Puff和Langx和解,22.8万,/l?e=2c6ds5E6E8R9gBdjZ%2BWh6DDLAM42Eep9NNo6wQhAeS6nzfFUTS%2FW6J13Fqvm2LPesYolwtTkeXJis1JxTWaToLh4eeM0BoAmz%2B%2FV0Mbo52D13AZQKhRL0XAnWUkMW3vIPY4S1fXnyklvH9MQnQtvFRQBUDnANKDTBIShV9LIz5odK6YVSxoIs%2F8KdDkzEDOv1IldFLcZqjQo
2024-11-29,国乒备战2024成都混团世界杯,12.8万,/l?e=c55as005BjQf%2F5u7AEaSVJx1WepXFC3FXzmctqIf66sfU0VZVhI8rJZkWTqXtK4y7bJfTmGcuGRAUhI6XUM88TuVjmA%2Bq%2BB2D2l2bL4sLLcuGLut46r07OkrAw%2FvOC%2FQbDdHm5%2FRST3fQk51cUscambW%2FKAEfi4BTgBcdESTZQG5ioGb%2BKyv8vThPKrTcnimu3GVrBtcH1r27YNovRL0TKZ0c5ZOsArL9PWOcdZ1oE3QNehOL0yq6A6VvRSZ2EHzlvqADJp04tD35oCQGqj5JbyGQSv6SPmTK3MQmKGctdIGD5ogAO0UnOAuzgDF%2B98eOXjifpKp6v8OZXl%2BRLKxLTCNGfcInKvZdmw9SQ
2024-11-29,苏新皓我记得那天阳光很好,22.6万,/l?e=d8b2%2BbemFv5iAVYjPWWq2t6iPnTePOUS3Pp6iAMxMQ9DOsZB1tbxs4EJOpDdixcP3jT5TSzamtluV%2FvCt%2BZigDoQBi%2BZY4JpvmXp76zUjw72NVaHg49faqMT7ML6LMgJzsCEDutCkDynUVBkpdZDJQ5Q0zeAN%2BHorZBANWqfKgHQ0xLhhNCF9cU0MOHbLkgg%2FfpjsTc1nbwHmsKxfE0Sn7iPxye%2BsMxaGn%2FAhOj4%2BICCp75XrEuI5j5SZHbaV37cPSw1eNlg3qz8p9fQoP6ypoG%2FyJ5boGo5hd%2FnrLFnsB5orWHgzFQnI1vBZeSVprFWO0SvTHjdFRKKVJsfyzml2NkpgDftPjIZagpA51v7j%2F1gmPB0p9Ub
2024-11-29,金泰亨单曲空降,音乐 168164,/l?e=ae607v9xLSliMM66seQth5iY2nNP7%2BrX6%2B8BRc2HSKP7ZLreYf3qhqnG%2BuCJz%2FyY8F6hRbJquLgwavwvqDE2g%2B1lQsv8MqTTxJAhXVZQLXpAk6Z0yl65BsY%2BJ0ZhDguQ0AD4Z64PZHBtFVqmYwRJGEuMpzvWMCoE99wbFa8NbXURSZO8sw1X%2FsHK66QjDS5pbw%2B7ZCAKoSugJp2MVvgwFpcEHKc5UcsCYgRqn%2B%2F1sUu0OYKt2PK22D9Rb9zydZgN9ASFD3Lusobzs62I
2024-11-29,唐嫣粉发未来造型,16.1万,/l?e=01c57%2FbXjPkKVW00zh8O4TGbJ3mNnIZyX0ZUAKQFYT8IUU5pSBLhdJ4FQFyZLBEPdc%2FG9fdUpUvkplDjtflV2BvuCDQHPC79mCM0ByXIi5XfxBSqfICuDVuMD5uL%2Bf19H1FFIL5YC3G4Z92DT5Bum64Fc600O4x%2FkFStC0mHUliKbwxSUn%2Fb9lLiXd%2BOjWCeo1AGZ%2FUY%2BDvNFLYaz0aa3WWvY5qDIJBMOUbJuU3PrlLrtTWgOq%2FZh8I3GLvSPVC2Ax9BYbmFaWMAeSaxHkIrs%2BFLiL5c5M%2F4Wm3T
2024-11-29,冯绍峰接想想放学回家,20.8万,/l?e=6b3aeChVCdNXImAM3tG40HwQZgL2h%2FCaU24smOx%2FPwuYLOSaRbZ8R4jHhz1iYa050hhuNLHmfdiAT0cdblRCzWBtpVzv4vtQ0sGFjqKOhwohXVbhu79qtqyQt6vyZl%2F64zTojpDnVUZAuMwxSJVeKygffluyelE1yEpstIvyJer1WYZEiUqtx6UbR5Hw982FIkjewDDCrmybgNEOuYRMNf4025oxvDyqwf%2FyPKxrWuwSifbgl8hDfSWTAr7YBLkoRCqb220tXhvWkra4A7Dilm7%2FmZRRsSewS0xhBtcIQZvT%2FFzEssC%2Byymm4QeFRMS9PIeKvemam8n6
2024-11-29,冲锋衣成顶流是靠什么征服年轻人,12.2万,/l?e=b32cgL3RhX2Rc0ujwClC7i5xdX1EVrRO64Aj9xZRUe%2ByHCU3k9zYbbMcyGYkr0sfr%2BVA4m%2BhG4XN0W9fQ%2BR0g1Ah2djZCfI%2B9YAxi46jDzNBHBi9xAIeFpDsXIPZpGPgbi7CosAKfZRSiysFUQSX8MTEzrH5Z6%2Fyih1GW%2BQCWv9OwKPigXfHoafgCKitsgzdfSBekyMIjzU3bPRZkjH%2BUaleslNE4SQ9h2vlOQ93EgD4AH1HUDivawF9E7A5gfv4Ww5%2BhjhzX6QeBJbSmqWTMzm5IB%2Br5M2z1mbgBCqYmvcoWG4MW%2B6QPaw50%2FZ3T6AvroJPQ34coLpRYNOmlJj5upkU2awgKE14K2UvLHZay9kX3n48SLghCCdR6ZnD2zc9X52nluC2TS%2F1ys%2B1DZt0g6b0fHGJZNuVE%2F3ncm6hRxOCF8Em
