排名,标题,热度,链接
2.,优衣库创始人言论争议,151.3万,https://tophub.today/l?e=b5dfnwOdrRHi6Ig%2FMKV1IsRn8wLRkleMrczfJ31q4R8dwEOSl%2FXxXYMPboN3Kbo6YBkqJ7L4Q7WsuPtNiJ%2F4%2BnNLDQElit7LEL7cClChx%2BNXh1qlnVxRGUoFjXKT5NNtynrUNuo7Z%2B7D6Jm4mxOT4cWnXaoE2NlbaApddxXncrtj8nlP2rdr%2B%2BPdE0PvYx3ljBe04eUEfk9%2B5SPSuOaqWbzOYxF6%2B3dff4IzkIctl1YHQigsoAYKjNWxP9dS0JX5Wc6eEjfmwsqtwhwtOiFcJBdDvHDi2%2BHySYkPHdE5FXNki1gz%2FUm%2Fwtrjto5fDeMqoyGsQkYKtZFl
3.,鹿晗回应喝多了,105.2万,https://tophub.today/l?e=87a19eAEKtZAL9WADOu9FpdqdrVbeTQ0xe8prE3JWbuA8WtDmDQNNQOWN%2FrP%2Bm12hiODQ0tjeNlpCOFA6nzjGh6BpDXP9%2FDsCslU20au2K2nSRHsjYhjBQcNJ%2B78pcve8YYZSnRrRgoHLVdje8cr0msNT6QkaLVhX5qEiyWdYs%2BSDwtk8ewBW2lN1aazr0xopaiGLvCd1S%2F%2BS32MAcr03K6vKI369H0nUdlkmauIwJt8ghWKA%2FUWTJ4sScZThg4xtwLnZWXsI2zzs89o
4.,43位志愿军烈士遗骸今日安葬,85.9万,https://tophub.today/l?e=1245hXdtnFZBh%2F2a%2BxVzdDt9%2BnhoZg5Myr74%2FCvrn%2FZp1i5PzBdKgb9AHHicyyp63spRVJXIiXjanvNjYwoFbdcZMmW8Sczfrvc5Q6drwMhfO2uC3%2FtT3cRQMQJSW0az83oKnT73AUwFRTIuuO0FBW8XoCnLXyuFT0z2fMN8RG9KMVVNYWz%2BLBFmtb4Fl3EGjiASMJiefXVJUEhymHb1gmhpreY4Q4KbTNfIfmmN0ruLVeBwkPepUTYFjbenFj8M92WdgTr5%2FfCVXzkWcBbqihgIYXUodL0fbiWyeqOgMZ%2BXXEI84M783hzKYST%2BLyQA46rBMefrD0HpOm0QQ8HLEdqaq%2BrPhpbne0INFEcb7201%2BNs48ORbacw
5.,17名男女KTV聚众吸毒被一锅端,75.6万,https://tophub.today/l?e=f5caqJCph1sL2ccbV%2BoJmWm5EbOwFpIJWIM%2FEygUw4rGAL6of07PKBuymrAzXu2ht34IANETvquctgwGWIgqPaottwmTjclVK%2FM2FjOT6UdBbfNPfHRzyDEiRY%2FEtmMIQuL6i%2Fk3qq59yGioQUfjkUVbztx4yd6tQfXwQwybEHVeYI6Ttazu7SH1f6fK0WHAh7VlX2ea7UvTp5Dibn%2BN0o3hlgrEVGtifgPuIsOrBMyqtefVbDnqYH5EMpS%2FDQu0QrMQs4RjuGf5wRSXUctZjh7SpC1GtNDL57cZg8dRfVOpoOqNOHZj3KiINC6Bv%2B15TEOh3j2KAfzFCqhkh9OdtIoUFe0xmsK%2BJjfjhtc
6.,辅警因为一次好奇9年后救了一条命,42.4万,https://tophub.today/l?e=3325ivRC22IHt%2F9SNP3tQU34P1US9KPJ%2FwTlvrnJZbPKYG8Qbm3YCq7c2RwoPlBh6JOgoO6bVcbW%2B9JV5%2FSeKpEi0Tdq4YB5od8xTWZ5zQ8C6D%2BqLduDXCJ6tQKCdArMldb%2BHxZKVUApZqm74mav6hrV13nWXgmg4d2gG713MHMi8Vvr2E9xNLwaQd33x9DfiOk7cZsLuH23ZAc2Znh%2BUH81kXvUP7rYz%2BEaWP6h7%2F0HbKdp4UPYKTfp8C1Tl%2BjlI00hYkbPXuvHjUnTizCohHjNFTN0OVbdtULxZe9K%2BNUZGtzjLMYjAbbrEe0YGMu1PrLtpIwRqEc6QfYrL3%2Ffee7bWY77JR3eSDaUBY7g02txJjiB8WPzW08UTJXna2UIOyOhkOPIIPYVKKstoU4pVbqjdCYZwvah4abyOSaBM5HXBFmwXg
7.,山东一金店被抢损失或超千万,42.0万,https://tophub.today/l?e=61b77bLFzGjnnZYiCLk%2B%2Fba55EjZzAy1VP4i2Dgt1%2Fl8easonwWsnK3ko%2BBXPzEQleuHVZ3xRXUuBqDOtaJq0SZshsuWXJqvecfKXQ1%2B37X5hkjhYqB9oCO8j1bbSZvtIHd7fPo98epmp0li20gdTIncUFPLdH%2BhJVTIraPvsc795AhUcS31RqaE8SgFLFFAuVJ7vikYfKo%2BuUa1vR55LrLlLRCVDPF6cKCV%2F7Z%2BBna9zJYKZrqEG%2FQAoFws5MoM6y%2B%2F%2F%2Fi20RQXBn12Ybn6v%2BuqjQ9lOjGieolGxS7s9CE%2B5G9CkQwv%2FWIQ%2FRKlIkRMTbSKsthgfv8Z3qku4RnzPM98feR3%2BVHQzqzJxZ59YyzIZ%2B4YlVYrLt1%2FqJlJw1p%2FWf1PPvv4
8.,吉利星主播,,https://tophub.today/l?e=5fa5A35kpPkSJIKRChsGtRpipEi%2FzGs0s5tQ5Ze1n5ocUhk6Iy6sbL7zo0PitU5DWPA6QqDGDlcfOw99xFy3GLyQPYHmnFrxh7V6sC%2BV5eRCUJM3FX%2Fgg9j83anxIEHHBExHkNUiCTYXbhmWHFxfns6PIDlUPgQvNGAHDQlrNjU7TU70XRFvF653TrmbiWuu6z18WZlnIn1n9BtBtOD8DRX%2FKP4ayKVQmWGTZ%2Fkw
9.,鹿晗好拽,40.6万,https://tophub.today/l?e=c311%2F58i17NfKEAXulz2m06B0Bb1QiCEWuLigKP%2Blg0on2DViaDTowajbXn93JMbnnfzSDnqAeCXhQOJHg5DbAX4bwgGBalclCxcudGppY5g47UO9IFxph2hAk9Z9aWfY0FMkyHvAU7O%2FWgEBaEJdL6STBtm57JCMb2H3zV%2FNezuXt4wRdbPkIeDld%2FCyXS6UioldDD8Gpywm1UaE0CY
10.,蛇年春晚官宣,晚会 398048,https://tophub.today/l?e=2c4bp6fTN%2B2GXtqSA%2Ba%2B93XHf1oDWmZs3cyRtZgHgjfZKLOdeOioeiqN5npQmWjrGxBRwJspagq%2FKE2Y01MAoZ8Wccw9Py7Egq0Qx04BqtRs4L0xBsR4xMO1KnJyRhlBclS2F6Jigs0GCbusygW2CxNOYM4Ux%2FDy6vnG3P%2BD53qlNbKFxCfji6vDinwfiv1KZec63Ntib2XbabfPaOvkpCpknbW3dZhDLFzpLr3AnWTDSCExGhqPKnWpsBhi
11.,冯绍峰接想想放学回家,39.1万,https://tophub.today/l?e=b100oSYi%2FyqTHhOwk4rea1%2FpEzzV%2Btn55rMHji86RlR6khXpaRlwKVCvlR82IhOm%2Fxxqo%2FMnaKlot1w15Z%2Fpxaojo4%2FuN2JpfInm4h%2BDHfZTKhdLtbqfY%2FqNSbh3N4q5Ja5bQsUBrF2JBPAl%2BXhDr%2BD0jPWMcXTtUQmMQD2hCTINka4VJajxmjyrNxUoIL%2FZ1g1IZIJE5xWLpv057vQrWbXIZyH0jrYhjO7PBhOTqSKIssFtw5QCsd2sZPiOdJA9F98aFWN2rgELoXhllcgIxFgiI4xjmsVTJc%2Fx%2Fuz%2FvsqKt68HgguFfHoEQ3943qACYUezwmzQn0oo
12.,美国女子抱婴儿袭警母女都被射杀,38.0万,https://tophub.today/l?e=fe1cEUcf9JB9v8PaSJKI9vLnJZwu7R96sn4MapAt%2F8eXsqL7zuKMaHydYDpUAnpPY8RrmFJOJ6PO8GHQahTD3bvM8F8H9VW5u%2Fo0xSTnS788XvpEQDz1rMpdz1YeuWgwbJpu%2BQjBG090eGK%2BXt2lygOHlzE%2FT%2BvuLqysUTZRYBIxPSw1HAlIYfLYEKWP80Kw1sW1xBOdvIykoRydCcd4g6wgemJ9wpwMjR%2FbHDBtgbb0FAO%2BApZ%2FXb%2Be%2FA8iyYLkdETYyuAZIcFwca47yrMv%2BcHTFVOg6OvD%2FDEHqzAUboSAVFHDx0HhoQkKfM0JbGsFz0tOeXi2%2FL1sWrzPA9H88h2ojU8%2Fg8qX7Mv2DV7OfCoByDtCK3RJiStE%2Fs%2BWoZbjcxXlaQBAINf%2BM%2FVF%2BcFI2JUa7UyiS%2BxE8a8k99J74fEQr211
13.,黄雅琼回应郑思维退出国际赛场,36.7万,https://tophub.today/l?e=ff8dabuCHTFo9KQ0HSGEeakzhy%2BGfe3Kcjb%2FNHA20PRuJWiNRIUbVx8Gcy%2FgzP1lPQzBh899OOXlErhJ8AhlX71904dEQW41gYpXGmfCkYicqfm%2BdjK%2BzFA%2FP0n8Hxg85Mj1tcvn%2BhwWhTAKQ7TVSUBmJwqAtlvjf8LUndosVX6CVoJmJ5lh9%2BniwPdWq9qqeSC6lVI8sx7%2FOowvLIqEI9B8U21b8aNDYFez0Vne6Fy2TEUn4XJrNDBpGtSOH3dFJXk8j7E%2Bb6%2B5P5HrNjhttpcm1nH9TaCRCBk7af8e3JdMWz97NegailCfmH3gTnYEouKcSL%2FWy4KtL9AyXIONV6sV0AFmItEKkBaY4pvlXSRp9SmmyngqChIfHDFBxE74OnAZF5i8fpZUI3pioFhJoJM433J%2B
14.,再见爱人4第七期视频没了,综艺 361721,https://tophub.today/l?e=0d032TrpQywk6DD5RWy8Q%2BWKzLWcYSb4Hx%2FaX83cWGMQVZWULLJjpyFLnrXYaBQ%2BTbq2J%2Bz0T5pGPa0ESHUUqz8YAjNT9ZuSM%2B9UGwETIH8jD%2FTblcnHi3SRcXnEiJ06L7PyrOcipgu0IJLer36CFQGkbQ70G%2BM7skVbDtJ7udRafGCCK3OvQWvuVOdIm8gkqSoMQhGURQ%2B9dJh9vypCdw9BN5RpiTy4lTqWX4RT3SMyadH38YkxIc29CbMX0sal4lpVhtbfGrNqWBmYmEjy%2Bs3iZtni%2FBZz0vLVzacDEP4zftj3Z6Di0oz6DGB6WLvKacE1HOVjNo%2FgB111kMr3ERb8DH%2FsvzjXiQ
15.,王源头像P了个新帽子,33.9万,https://tophub.today/l?e=d58ai5AvzukLAAg%2FgoicFxAC1WHeKX0YbtyslKtg2RZrWxjH8MnXNnVY8PJUSfF6v11kfd7te1tWqhhFFUzk2ezrS%2BJKubGjxZ1NUv%2Bt4VepauqlyGtq0s5%2Bi5%2Bzkj%2FLK6ySvKMofvuSrKdwMvdJvF36IXigtygWQDFYPRay40ttZwjk8nDQkf5ncdFqrxTUCaLRKVRvLBUeejM208E13IDJQSJ1QQspurery52QmtNi0gkk5eFsKH4bwxdiZ%2FVzwtaDHMLrRnBXh13%2Fig5YslPfE2rbC64BiMxEFGlfi2oeXJ%2FZNoMVnDyuzg
16.,韩国人的精致穷,30.9万,https://tophub.today/l?e=205d4q1I9pHiAOW1ZC3xLY5Okr%2BI4tCk8Tm5wSegSDNSH5oi0EFt1LADqpwphqS%2B%2BOJjq%2BSSrPEHe7qY6GXJ%2FKh1TydHncfnnqGUGVyswaVnIUQIYL6YPa%2BmEgJcy26ZS%2BNuetBl50hyfoAJP3XzKzAQWEtX6rTTZ83CmW0qClRidhEtATmeg1rAnxoiGZUiXZHij0w6qajiXBtGy44zIDasCcgA2smGbbjvM%2BQ3M8C5SBoP2EenjDdq2mHxSjHd%2BJnJgEfmx4nyID0f
17.,3人1分钟抢劫金店价值千万财物,27.9万,https://tophub.today/l?e=5937ptamC0Ra20aMnzFUdxwE20zBO%2Bw8BistSxl3Lyaj5m1FSrSAaAJDjo7k5J3zp4%2F1FmhbNboujnbiMB6LRFzWej8y4cTIUUO5mLirewaXh650MrCbC7rrd54q7bbA4yGYywK9pt%2FmmzXiy6haB9ScquwTMXIYvDug9D%2BipS3Zvljt4CZUqQuevI1B16hZ7sGOzX9uHWV0sQ23fgMsRcKMsNzrooSyRqyjgEX3Rj%2BSRjV8tfAAVNnbMwoToLclS4%2B%2FY2aRlq7yKV8FdLbdfHzUEFuDVLGJ%2BoobShOCKdhs0nqkkn7On5MVUFGL67xu4%2Fxp1%2FEad2hL7uZybJn8MMZAPdrAzoqCDt9Shicii2mc8L1Af6%2BTZKZydNnAT0h1iZQjTU5KpDE
18.,孙艺珍为2岁儿子庆生,26.0万,https://tophub.today/l?e=b711c1kG3VergPi57yhU%2Fh%2BqbV9KXaVxpgyQCrEN8BcXWEThzlVtQx6iamfmBfmdDnJthef7otdgo4UWhTE0%2B7a7ysLPFkfjpE7SKtzz0K9MMLN%2FokJDnyRbORGzdVQfvzRILPZCoU%2FWP4qYpN7FdGgAsyHH0ldArI4qj5Vc7CC%2FRQIUVsZZHcVClF%2FH%2B2ii8N9NdxdCfcYNPG8Mn4rwZA548VvoTaXEyw1D9hjBtWvdGExgITBfG3dWeYwW18T2VpfT9UzDAgApkgprikOUwRwqhJfIbnf%2BjCO0nH8czn9eauUpf%2BDy2yUjiQ
19.,胖东来调改永辉超市25天改了啥,25.0万,https://tophub.today/l?e=317eh5YIU8kemsE0CqqPIcFz83qLHGnND6fq8lWa3E4vZTpUWWXSu5z6ZlTv3lnq%2BNjeCBJ742Y%2F0is6DWzDlUud6isffmMnd%2FllBax0byjZ8ZwPzxqx16tNLawr6xHPlZ7z%2FDACRVlKcs1s%2BP1CXIBJNShVkpEl5UyDCChsBefDw4cNg2hu9XhaZedIBCGZSsclBIw1INrF1K4QCmrGLZ93Zlls%2FS4KYvv3QEttS4ypVCyCVfHo%2BUuzs897xDxnmlEGg7K%2F53JaHVlbBglbIsarMAfVjMQhH7CghF55GQyTyvAWfqh2NFqfIPz1ZMDkATUvKE9OC5CUo0uNb%2B824mJycqMmmGtNph5SRhESZ44xkmaO6JDivMDC8j33yBIglkj%2BW5Az7o4
20.,王楠女儿落选国乒少年集训队,25.0万,https://tophub.today/l?e=5f4894Rajcp8ys3k0kN2kVLNN%2FsIyO8WQZZ7EpMxCOhCSIE6BfJWoHTaPOgrTcOJ4li4pI4e35vZF2VtB63PLd0OXvCZqiBDo4X9lg%2B6jUy2%2BBaLxNnMgMQJeaAiwbT%2B8bswygJJyUEdZtddUpiSz5zWgnbGBxJDl6QhHhZs%2BKNhy4p6xjBg%2BPNdVs99cZ9Aou8nH0DJ7Bl%2Fx9lj0ZncYc4SsSW2BLVz1Dy869m%2BUmC%2FRjVwS8XFwl3bhfFydAD8aKfpb4h78p1MUPo8EHt5Nx%2FrP97S2ZwJ1hNJiEcRWMZsYfNV9F%2BL%2FbB%2Bn7NHQ4M8SYxDA%2BabugTprunlvLnal3AwaOVpKHtudlPP6ZdbjZOVDtFdD%2FWkOJ%2F7n0ti3a0%2F%2BePKgfLM
21.,外籍男子人体藏毒123粒被海关查获,22.5万,https://tophub.today/l?e=ddd2nFrsFvuCJaYZAj%2B0G24NNevbKKzoGemKJKQy19hiUTIoUh7oKAsAzC18T7w8958p2agbAx%2B8qXlf1yG%2Fp6TL0db2JtZdiuhOUMhv6JfVi3XDNBuMf0DG7hsOcHxYElhR5Ph5A4LzbMXYZBGBURzOGGkG7kGPqTL7tgX7XB3xGeyHcFWB7LkVmJX5yyP37H7BC%2B3bJVTi3YqwymtVvP1fvRkWqFDXdKnChCBqhsImxu8YdpYa4doNdf692Uj%2FFtwBeI1%2BEP%2FgKQcRvXK64LTWc0jxtbtJJe0Vi7Rro5WoyD067Fyq4dioU6H1DncZQ3jBIWU4Te%2BQSp%2FeW3Irw1h0wsOy3CiIwbs5PzJ6sTUVu3YqOVm5tVMIv05nGMUycu7byKcIG2wlq8fUwaM3P5u414l70fZj
22.,唐嫣灰紫发色,21.4万,https://tophub.today/l?e=22cbc7wxup96BCCrlAymUXiCEFPp2rP6saFRtHBqBpFzZCnN8lhfcPQlU%2BtRNqMQ4CKgfDMGF6Iiecw4pXChJl%2FG9iG%2BapkmfuPMkQvonDhsG1GoQehtA0VOTMBmhKpNE49arD9T7l%2FaRPaAjsdu2SoT3qW%2FCriLhooh1sk%2BNOWyd%2FYeHlbptltqVhoAk6aBH%2Fxp3T1SQupNi%2BpGg%2FrS%2FHTMtSO9bAnX%2BnnCM3BJgfY4BSx3lwb2pvu%2BgOey
23.,林一长沙活动取消,21.3万,https://tophub.today/l?e=306bQdbc1dpGcavoXenifDvT75Y0%2BnxgP2zpn%2BS%2Fz3QGu5pGiERrln93OO8XrlbGbvPVMZqLESw%2F9aYZBMpeI%2FACHPW00pNVz24awuHk7tJeHy0GfcV3jC5lNYiECIfI%2FIAY2u4sEUXoh4NiR86%2FOGXcPHb2984bubZmYf9ZWAPbueVp5EKSh22rgjUUdRPo1FbXaxckYyPCulFo1Ujg2qSGeiL24H0jxzr65UxpzHVKyaErwMsz%2B04pTZlN22%2FHtymRVma5z4CoMIpmGAFH11YE3fKzftKnS%2Fs9
24.,丁禹兮看人深情是因为六百度近视,综艺 209505,https://tophub.today/l?e=92980xWQ9lvVNAsa8Iu6a0oGFNTso1zN%2Bt1UaVurDwatMDBVSny8eMW3yny6Nxj9ZNGbvK0NyjwBxe5W%2Fv0HyaZIZTokxh1ZjnTq1glgHOEFEmp5uUGcrLwM0gWIfI0Un1zZ36WupUZnqzrglnEOjno7PMIxOhmJxn5B%2BWNA%2FJ1n%2FvFMuwUA4VF%2F1aUWRb4pec19Shqy87sp%2FcwUZ4nKjRcJMp0OtpzjWwJVrNA2w1o5lDSQOSG1pI3T%2BDlwlEx2%2FL7DcDykbVS3R6LGd7x5qSyGFSzjNZIXVCO7Vtsn1LitZUwfRaKhGbzIS7Fw4kB4y%2BBVP50reJllztcGrFCuhnRsVZ8krjoD89UZzGDPrLMEGwFHCFAjMYNv9trhCiqDp8hPisOOdRPAJvD67s7wYwD0KEzYoajULNcR6u2c64XbEMsO
25.,TES官宣Meiko离队,19.9万,https://tophub.today/l?e=0685j20YeW3WpmIEAsAgMww6PisucgyyCZVq2%2BEzin44ZeJnGl%2FMrpaDSy38Nmrku371tyoQGdL%2BfpY5DFW9gYvJoLTcdVFSLG8S8QedO0bI3QOv1%2B97jQG17mordgECkqAzclBKHQifuFTnVOoGoAUl%2BH1fp2kpRy4GBKNDSpyEhniiN9ax1QO8tkVNDMaYftNEM%2FJVr%2FSFlBlycPVl1cf1QcXOcHE
26.,派出所回应山东一金店被抢,19.1万,https://tophub.today/l?e=ad23i7j7kAuyZoXOY6fp0MC8JbmfcKyDSsWgFl5%2F73WnVEX91cpVTKoxKNXzCx79evZtVkXY%2FKYC47OYNN1hfUvyp5M6jqAw1ANhvXzBftuYDumlhJo%2BxyHsSI1BL%2FxCL2O1aDT6I%2BET%2F6FV7emXBnRFYsyxvyj0RjzAIhgK8P4dje1tFLNELHME%2BcK5IRLyvt3mNidvzeaflLL3Dzul9rTV%2FsTAJloWGEcRgV7TqFR431mx96QlFt6Aw3WmUCMnEF05wuHlwXKffkqwnkIRiKeYh0AMCrrafZ9fJVkT1UGRfMVI4%2F4BazHkvIKpTUPEOUSkQuKQuDugs%2FNJd74UlbkLmAI8r3v4ER1BX27N2P6FEqAhikrL
27.,崩坏星穹铁道,19.0万,https://tophub.today/l?e=cce4vXhz1EuS2Woe6NAL7O8DekhZGfuqoQ64PqyTqZroBqaGNpquyqAAKlYdf1rK4%2BwWE4WVbwgXBFqLm0OpEyHSDcRu7uYDzmZ3p6GsaDrfeySklxFq8dcCKC00hFmBRPdSS29izhDR551bgVZiGzkFZ7x%2BT%2F%2FF6WXMHe1jcEjQa1S3Wd2rlwuDMOtKP1lHyC9Jngu0jeVC2%2F5ctl7voumh3b085F39zoJfcaXPxXjzoftcQJf4%2BgCUmzhr
28.,古巨基钻石败犬live首秀,演出 189465,https://tophub.today/l?e=8b99mfT7iu%2FBmog39F8Qvjiu1LqMnT4jRpECdK3vUeBxkkfAsrbIq9prPZzJqyr2v0aS4le4PilP4KRnKFxfolSlKeOG3PxYgSHdppcu3jw1iWXT3YLx3mdnBTPnC%2BZqB7kdsERAAvlwvrXLP2ZWVcddV9IrOGso4jW4n7v%2Fws2ljl72i5sr0p6c4FKPCS3n%2B4BBDctjH2pN9kal3ftBSHyl7PgjKF1tZZ2hxab9Fpoz2yQcv00VXrdaOk%2BD8Fdq5P9BiuM4dgVfQawenLVUN7EKqcMbwMYeEY9syyRY%2FdiHIn%2BP6nwjsz8I0XZNwQ
29.,老人吃腌萝卜后中毒整个人紫了,18.9万,https://tophub.today/l?e=c6320LIBUjG9l9ZP%2FvBzwhNnqfi0bHLRyp1%2BVWEq%2BJ%2FgAC18kzrZoSxroV2UHK%2BmWnceA7cxLwIKrUm1erC4J4XdNsZjk83HgUedNaXTILzhOpdiPOWenJt0shewTJ%2FU%2F6RCUCws34aQqdvQqVE0q0VSiVttbDmIEGiUz1k3l4fNoept22V0%2F9068B9iWSXGpSEcXrutTtvnbqfuI51DrmF%2BTOvl7gJLY4%2BPQDe5yG5xJW3pXhdL8n5mqJV9m3lr2y8K1Ph5nqMcfviWWSIqXD7OTSpb%2BEDO7z%2BwC%2BtdLE%2F0QHw%2Be4H0omt6JyIN0Yna0bkp%2FjHY8AseyQt7rqpnQdOYgn0q85zpQNHhQ2XQOaxfgkiLzSC7T%2FE47bnRW31LmWHgyo1lh8rCq%2F4SrYhK0boPcpJx
30.,年轻人买的水果半数是情感商品,18.8万,https://tophub.today/l?e=27d0pf2Mcy2EjSwH7InkXvIEP5CphqawiAyjzmT3UO%2BLU8bS2fR5HBmHgfkCNFke7FB59wg0y8JFpa78LC%2FR1iMNZ5l47ZB7rfqhYUJJDWyY9RXpWSh%2Bw3Dri%2Bxtk4N06iK2sCQ92MLq34uol8rlT7%2Bq%2Fvg8pCRHuxnnYtX8YCB5LeuzyrZteRGoqsGNvF8CP9Y2i1vhdH1q5trPfRaVswn1EDVz87g64ImXM9i30OJCd0ASr6ZjetyeIbKoVxO%2FwqMrzQ2kzdijqoUUZdbbEXPO8Q5lc1Xj%2BlyaP7c0MVqdBpynd13shArxvTJr5gtcrBHqstfx%2BqFB5BiPeXgM6dF%2F52wmPZ5R7mPbbxSrbvF9gQaNFYjmgTKahJPAaVWJ%2F7C%2BQZ2f3aRpv79QkosGUChziMIr
31.,张杰唐嫣荧幕合作,18.5万,https://tophub.today/l?e=93a9oCrWbKg62WFbc6iBD1YxnefybP942y49GnY%2BmiLIkn%2FUDJ9fcb49yqkDZt4f0w%2BKSugs3AeUzNsy9gq3A1uJBgQHEP17frrxo2QQQmTgNrFD%2B2Mf1BtcxrNS%2BAm3LLm7YLs34SHmA%2BHO4hGj71%2BwcGmPAcTRmUHiIBqRcyit%2FRXw5cKXfBE1x67ncNfjqhmqOcEC7iKFAqq4AaLVeJ9YpAcLwhpetYzJO8%2BtamJmZ%2FTGDMCJjaWfD0Q0qWyQW0z9NgBjfJuyMG%2FhvAkVzy8DbNnZIIxR63u6
32.,王海质疑李行亮麦琳争议为剧本,18.1万,https://tophub.today/l?e=a687OSe%2B%2BL2e1vdYK9JeHhIt976Lm8uGprYqOrBsloVAqa5hNjm2x06dHpT1ikeZGXhZJwhZbGFFyg2NOYrCTYNURap5IYMT%2FiUpg1IyfvV2u2Zi7O8qVLYGj50KkHuJI0E14wCJqXe2HzHeZ%2F69%2FpoyU11sF6qds0LHyDxTnHXnBUv6kxbCeJFEblpS3iObGAGOnBv2myRKiGqIOfAb76EQor3tw3YrtTse2xLjUsYR73zzHPL%2BuEHFQdnbjay2CqYYVau68r4VRP3kTzlsLsGrETMeiaaotxEeC6FYnBPSX%2Fb4peiCUrUhreRo4x%2Fc94sRlaKvI%2Bdr8cqEVnzRHhpLOrAn6m69elwHgbjC69xJ7VFuWfBFt7IvoVO8akuwYbTVXbiVNQx52ot4nKfPbHdgevlR
33.,老师向家长借60多万买房还钱困难,17.4万,https://tophub.today/l?e=81b4WeJNLf3aZsNO8hGCgOjSCac2SwEVyzZ3Om7l2hbnYAlE6NPFRWcjF8MoPQ4IyANatB7bkczGSD6skn4b14ykyT7P5LKEzAfNLCNPu1xxpxl%2BJStQMJcj9S0Dp98m8mt5K1UH4TmTT2XCU4COiNrtBqiMIPnXyptlO1XXSQ7ZGqZK542uJT%2FjBJgAGcT3F74jX%2FP1Wp6yL%2F%2FZISqF%2Fu3a5Hc%2BHej82HcaVwbjV9yvOTuNrlCg%2FuqDhDj0GT77zJXoghs0wfO4hCm29w9s10NQGSBus4i6T%2FMYMvXlNHwulyeHU2UqPYxevqGC2KGfxB0pZ2eXmYQyWzW7%2FbGUo0sOG0KoCmtLkNzXTbKXTPFLG3Z5a%2FGeTXyHmsGIgsMTxTKJ8pYpEnZNFUnN47oRG0mu5lInIeo
34.,南宁一家长称15岁女儿孕期被砍伤,16.5万,https://tophub.today/l?e=4d93c8ky5%2Bf8bjU7sPRdk4BP0BxeQh4yaicLqfu9WbWqgzO5nkP6MGo3Cy3xby1Qs6jzsIi5kseSycD4wjuRDrJkNOT%2FNVWuqKmoscLg%2Ff5ORyR93iwJO6RekZFuZiho%2BU4KxKGbPTVtZx%2BIVZ1zaP%2BTpzrMbI2CMO1m0NJUT2ixVkAbHj1tgV05XWJ5j7DMDigEhhe9BWE8Mf8Og02zcw7Cp9GzWFGMCbeIh2wdXX8ZEwwBxHeFZI%2BiP47ZKR4yN1fxuPSxg7tyMrQi18o4xwg%2FKIVKR6PJobOfTvBy7ElV9KUc%2FELwf86VAMhKarYwC5Yf%2FvzW3BY%2FrMIo72Nfo3gIA4ms2XBKLhTRwmdr6buuhnZz7nCZHuuLnO3rNYTuTx%2FOCBsoDs3UimTDqXNfexrFomMogog
35.,珠海户籍居民可一周去一次澳门,15.7万,https://tophub.today/l?e=6d4dyLSQEypdz640jVu6aKD5PJYYMkoaGiBbMOj53%2BgN9hdCYbHla%2BqgTlatZ0MpQko7%2FjCCM2XMLufh9ipgygWvHMzGcwYoC8DZTva2w2ceBK0i5QmDriTXssebYY4viyt1dguypyhTjYvlTY9RFw5GXF5ObuHalku3HobvifhB2QAnjtOtE8qfiG318enMXeAZ2F9mtRvvvzKcmm2Ow%2BN13J%2FycYyj%2FOE%2FexKn8L4ixgO8%2FPDw2odYYc6CfTSfhNOq4lCxnDkJdhjVfPcGNA3UrWUnFqujfyjnH28CGcOVHiGLwah4hBFeqgji1gJ2ot%2B%2Faokls00%2B3zcfAzf7nM5zQqB%2F3be5MTb45dP4y0zBIWJX6AbgXJ4ZewZZsB6koas1TbNq3SWzxbb621S%2FueDbfcLn
36.,林一霸王茶姬活动,15.6万,https://tophub.today/l?e=2270JXEjVlh8aezoY%2BXNi88cbbdKsk6mhL0TRv9DYG81rPhrsP2SPNbpNhRmSXr4OOLOyWj1wGvyZhRDj1cNwroaBwYs8Njme9nwxq4fXFvzaXuTTm8n1c8OPujQ7paHsqZ3nAxfPctVxO7pt7ZcuXrs%2Ff%2FHIgf0y8Y2nrx9iwG%2FGr8aBmqkgJhLZMzUwt1Q7QTPlvqO%2FteCaoFDLc9kDUGL6Ukffo%2FDHkDWY0%2BsckiaMmflXIVVpufoSodzcG2CELNi6LKwfXCJe2OuFoPp20fquVi%2BUTfa5trY
37.,卢昱晓看预告片才知道不是自己声音,剧集 156116,https://tophub.today/l?e=f466FoJ%2FgjfIs9rb6R96qohi7qvQxoIphMQq2evDsAf3UlJK6z7r4tfTueoXLa971f%2BH1EqXqDmJYXFRrWlDgE%2FxmKpkYf%2FcGX2jwOAbBe4ZP5bLPUywUweg67SB9BNGLOxSXCP1DKpN%2BEw61JM7aOviaTTNZ5oYwUPbs8YSXjle8bR4G1pQT3J6VzhfwEXwXn60Vq4Q%2FCwFIZJolG%2FWkw%2Bvt6EFTW2YUBqyeS3mKp0y%2F7wo789BOFcEWR27xAJ3msAk96MvUxbxuZ0HX9u8wOssUlX%2BAbWMAnZ54aJ9cjGF9zjliVKLRZ4YlI28MUxcXkmSqMlzscp8i8xaayduCn6isyRokcJNHqyxRQJpMXqHs36mQtkojX186P1lf2UyYxDrVYCM4XI10K6IiccfWi1N4D0Kna72XEtTMHQnE08gTHZoWiUN3x5C%2FbVkUVzbYeMo
38.,奔跑吧揭秘穿越千年的东巴纸,剧集 151335,https://tophub.today/l?e=0b9aKRTgXlFTmnltgU5pCFmEfSXCoZr3OG5qD0hwDl4C2IuSFiiu%2Bi6fXFP9TXS6ngkNhX%2B3obze7Nfxipr%2FkJbTh7cq%2FAamFhuWiX2eQCKc%2FZj2%2Fn7AN4YyPZyWYfQWqGab%2FpCXAQhomwLyaVKmA70vDvCNe7DhTFF0Ay5rcGuUexStrnhsUOvvWIeFRW%2B592OaJ2ehQUUlQbJAvaljRnrJBpmi9A%2Fde0KomXhQiTFteYt08Tzhoryn8DwgGT7naiGhe09v3kd2UXPqV6xlqWuhg9cNYUvqEaZ0F2Ne%2B%2BITvZJpsKPXrTjqr%2BkFK5ie87kBEN73i%2B6XoFu1kcqRUoFVnJuXeyu6jpbiEtdcvHzpl6B5qAk0oZ5TSk2oCdeTQkGPGVAy
39.,丁禹兮 包治百病,15.1万,https://tophub.today/l?e=7571mwBtUGosfl2dg012frgZztu1NRdOhku3u642EG3hYJm2LaQTtoFNykhyzxVwVwbbQ2m0Rt34uf4buUUMsGIaAhzgaU5hgtn%2FTQhNkxF6FO1TmbEjNn8HWaxskvujjocSExNXbTr%2FOONg1ejLCw9PGFih9qboJtblQavaR%2F%2F7h11k%2BE8XfTF%2Ff5T5YdFbub42FdFrngnqdpAaXGLCMQpQbokDU8gKBXxWAh13TFjBSLJ%2FUbUMcVjTrRsmGgfey2pVJ%2BgB0wfwfbh1YgAh
40.,央财教授称股民套牢是好事,14.5万,https://tophub.today/l?e=fede2LI7%2FxeGv6nSZ91O3D%2BJnLGqHPMYyKebxngHuoEZRNZq5e5B9jVtVvuNJQPVsl6n5A%2BoZcBEJxeTWDO6iDxXYmMivFB7oaGWSBhRu7RlrHQLk%2Bg21stb9CwnnPbN6AD73qPxuWkRoes5GWlWfCNQcOUvkIdY0qzxtQpKhQfwftEmOsE3J7Sg7UAmVx0RpCdtarOwG3KLZx5sI58FY%2FmQgeiBODT%2BvSI9Uh9HrXHE7jJS8UurFeLsGDnxpGANy8rPB5DwGVHGLdekI8Q1xKnexRFXLvx68uPVmO1r4wL4GDFhe1KpVtIQDtVi3cq3gqzLUGMRDMrfl6G3GoGs6uTBettroPmrD5pWtOHtzYWteyldjC9C
41.,你家的筷子多久没换了,14.3万,https://tophub.today/l?e=a31d8r%2Bt%2FVOLOPz67%2FLyvp7rBcR7Po6e9G8LJQMvnVd%2FbBDf%2BLJE9RITIy3ngdzzvpVaLI2fOTdiISNzwl0YGk6XrfuubBQ6E7fLCFLQRgiJ6zerZcTiDuriI35kEr%2FOSFtIfo8zVAyOdnAfrbVBGSkaYjsh92JxfteQ9FsuQr%2FHGq9AgMppxroBp6uYYkY44oC1hzCMq5CzKTJ6tMy4i74Ww7Ri6tT7RyC7GSMx4deDUeJDzVdh1MbmauXndzzw2ok09zkOR%2FVztnZWHV5a282FELDj9rbQZ2SAhJuN6nBW0SQJNmYyy5TasqUyvN7aGK1wJHl5N3iF
42.,杨子黄圣依 人设,综艺 141898,https://tophub.today/l?e=30e1QIqaFyapnNtS4eMcnAWN46DuTvktsoL79KJC9L0rTkL8SJ6UcginupF3sB4T26aY4ZcIeGE107pdciVxxKNLAc%2F72XKVqqW26kWgAI6ywOGfeiEQLVdLvzQ%2BpfkNSOHUBGLdFJqgE%2FfUN948gFIDd%2Bi8u14gdiVNj%2FfiWnoc%2Fkxr%2FjnhrrNp5EU0%2BsoKU%2FUU4vKFTZFOIMkJ6iP6LKIgIXD9Y%2FeDt4rTPUCu15AhK2fvW%2BdTvsLixnPF4QnuRZ%2B54FLtIEwkN0VxsFnD
43.,侯明昊无处安放的手,14.0万,https://tophub.today/l?e=4635VDJgcV%2F%2F1hodBh26VqahcCUBUR8%2FfxJVR0eN1ZOlTevjkblTwhYY%2BGynIOkjfejx3ZQXHEfwtrEGgal4nmtGDU54U4pYeKajy3eMKfTGpQGt60nKCSLrjnHnfnzRTCYabhepwJpMp6quusjHzfdWLFK%2BXJCfYy%2FT6nLZSlkse7PJmOCpMXdVGIBFNfGo%2BUTkwpJI0zY0vaUjdjJsHNJu%2Fjt14Zbs2wFffXtBvX7VW9ffuzZp9f%2BR695nb0Ex0Ucx8kZou50jXLjuZ3aoirpbXsIVM61S3eFXpIyHGf5WL1VaSPXGF9JK
44.,冲锋衣成顶流是靠什么征服年轻人,13.9万,https://tophub.today/l?e=6951kfR0xY4ZE2z4d8UUB%2FIonAnKmpX%2FJ9v9HVRAJt1UrBtT3QAQmi0yCl4bWkiSYP7w8v9PD4jFRIqT%2FGAmptuznEge3pdrRy6d%2B0XHzagK23qZHprXhRLlxxDcyeXe0zvdwENKu5IhUFHJ4mf0eYrvX%2F5IRfz%2FfujbXR2k15NdqK0OT%2FQ08fYpkft61MxfAreLEt%2BK8mgzW6x8IPMDRun4VvUiesibU2gqVgYQ3Ofj7puaIXNxQVw4xTWW3TerZSWi0u2P%2Br9c9MuzADxsNPPfn4m2CqfrOsQCf52NX88LK0bfkb%2BfWaxFiWfdD6m61PlzeCOUJ3lCNMRb1Q6EuSrapKqWfXHzApRbDrMRGOPyIC6Rjs0uUIqoaGToIwor0qcMTxIMugjyzf2galYv4FlIX7ds6ZcpFjvQJdNqVrH1xbde
45.,陈少熙预言家,13.6万,https://tophub.today/l?e=92cennWp9h2OyLJLCoElkVRfUzDXL89XG6SQwrBQbVA9ufjdJ6M1lini3FgeKgIDAyNRhyMmtag22biHWHovk3ERC%2B3CacOakT1zfDFe6eiQiF2UiFlWFvFE4PBRfT6pEv41DPIEx4DNVmybuNCkvZ%2BOyMlUkvYEj%2FmV%2F%2BBqMvQUwmsTY3q0F5CqF7sBGRww34xphGNIQ%2BCWnIO1dHOPAan4LceXYYL3B2tOMxR4YJsy1WAb5kaOylol0r%2BH
46.,羽绒行业人士谈生产内幕,13.5万,https://tophub.today/l?e=f65aNxRqHEnCzPaIxbWa6qV%2FjBcs1gPhjqrS2rIGQK33g2m%2FDLoCOxl7ReJuhp9D3IPqGcPrr5lkK%2FghVNPdFVJw72T8BgmEtQxk1l%2F595%2BLV4uSUriz2CZQ8QuQZXb5ryIFngxDZ1qjH5AEu9t4iE7jW8fpB9Wjk2fMlTGAw0VlMZm3WJ3EzJAfYTny9%2BYO8F8ILTRPW1nHSA46z1fjUr%2FkE6wnzU%2FQAiK6zCHY77XdBCSvh7rGRfoJTEcueYCFnw1xMz20BmlK9kWRRpQfSI%2FKyy6UW9yrQOF90H1axGyzqUXvL3c2wkNHfhz5%2F4TfXlYeQRqS0GajbITIyo1uaW5CZ%2BJhCJzt
47.,容祖儿心淡全场大合唱,综艺 134258,https://tophub.today/l?e=612fLPvls8xVOhZTlr%2FAGHe1GsRcgnYe7xgLx7fNSzlmhebJ9hwmEswAsu8VDvaO2PxquQSyHKpm1QUOb5wNim3sLZgAxrrtv%2Bmxvbe5y9yl6nL1l8yY0EtWg410WhpEcqJaB63GR2Ferxizjn2gPo2vMXIY16p7RpA8vM6E8UXBcWgfX2PJKBXYq8UjYtriFn5yrV%2B2PObrvwTZV2FrAH2bDJ%2Ft%2Bt4bJowwathGOeNsMyrv0Ulyi9Ud8JSlTmfuj3XVVRuwmTFdNFMFtnGs9Qgo%2BxStza2L1A8AUuOmagR6KLsZgCfNTWJUrBfGHItOfzAGeugductK
48.,张杰第一次平头,音乐 134225,https://tophub.today/l?e=4a3ehCV%2BkRIBWrTue0Q8ii1EuxA%2FvtTfWTR8ud9heFFXnssuYxgcxbYtfmSBhuRI8ZqKELd5p7%2FKAExyBOiAtxFtyd2t6EPmdPKYdCCXdLgK3BTfqI2srEFCpn51WONbgndzUcbbCyDLkLUogf3ipp6yhZURdl9Yx3ChB%2BebQXDaDQu1fRtY%2BU16kJ6ibkHCNz%2BP5b9CTyqA14c6sYobSXYQX2qPvS7Fr2NzpT9IVvtf%2B0VGHjKcKrYSMSiCmltvkbHrn%2Bc5Blb6Ddfd
49.,筷子用不好可能会成为伤胃刺客,13.2万,https://tophub.today/l?e=0889637Ru06Cxbh%2Fn3sfFZ3Rjo1yU%2BKtlH9ywFZ8eP99b9g6axKRLBEQDdVoayyVnreKkuN5okIgbLoGcN1e7Zrpjv%2FVttDuJhjGY2MQDE0UXTeE%2B0DyNL2CeD1Po6eq7BB7Gzz0WJF%2Bg57pcDHbXd3N0c1M4G%2BINTYZrGwDUpYLRJPiASSn6b3hSQZfnMWJR4VokiCQmACMGqLvyGKc%2BMyBOPcv%2BnkHYDpr1wBvTAB6VEps4TaZtHEBBvErqH1HHXGMdcLe0ZsNuwHTUTj0LVeey2bWo5eN8LaEYbI0Yo%2BzYuzpG1Nbf75E1%2B2gsaLyBpFI37XL%2FBf%2Bm4l2HiLGJDk6qEOvPDvDG9%2BcLJjVKAeRPlZlg0m68eGLyYMxvu7J69SajZN3J58%2BTMHBNrlEFa0efLSz
50.,巴黎世家售出8天后要顾客补1147元,12.9万,https://tophub.today/l?e=0bce%2FfIrZnu2LB22g03TLdQd%2BkI%2BjdeglLNc6jRft4i0GgHnsIZS1ndK53EVJmWG5lPV9mkvryrbSayYOqXuBXyRxL4n5YsJgZgT%2FcxbJpmwoYv%2BwUF%2B20hgY7LNSqvG9%2FQ184N7iSyERbnZq3b6CdKVAmQaXJ3oGmRkQ5Ach%2FZ6shsXHhwY1kjIUGAVuuojYhGKE9c0EbwnVWRKZ5PWtTbjQznzCBa1nKUj5PtG0oaAmnTKP7DbV0a%2Fi3iHdi9Oh5gta4VIZJpVfgULvPZ%2FfVea%2FU50J5oLjNSKh%2Fjx2zmcJg2D6VnHtWJvbj6WB%2BVcx14Wf09k7hQF7seHAhBRIRjgncCOUyqki9%2BG9D78W0ptr8CtK2WsL0JqlA5xZHwmUdZ81Q5fn1JwAPs
51.,虞书欣丁禹兮意林少年版,剧集 128838,https://tophub.today/l?e=0be2nEWD4zVPYUGM5IbLXuNRChWZUumooP%2FQ3MVcaKLW9THS84ZXf%2FfdD6OzXQk33TK95329n1AgnsO4AEj0PoMWYEpq7k1DzRmS5kL5xbW4yt9zVabLDXd3xHoVkZTujAJA4vyMP2sMg7BJ%2FHm%2FZzGNGhYZUu20xFXWoW8GQYw8x7ZjnvR09u3WVLTIV4iURG6I3RywHE1Fixrl78Ft6vXZoF2hrpsPkRD4%2F362HAgZU3cF6XmV1jvVm7jhxWaFdfvycS3fRZoWutTqO54IB71WLU2Kqu89jEy8dyiylXmyZQtuCO0NB3PHfs6l9ZQLf6andES6qicnpz7hxQy5eAvG8VhIq7W3
52.,上海体博会真的太好逛了,12.5万,https://tophub.today/l?e=afd0QDyzYfWmuSnYsKODDmN0aqKTTLVj0xzpppGVNzycZzMwm5l%2FhKz9fTT7KpNHjUCbWHhmPJDRIfkqHIlUVnO%2FE2E7ZfY6atzxXBlGa6nBc2mBG2u008ue8dMLHtQTH4HzURB5TD%2FmAYFtHn5Z4SYvCxEtb1u7l2zRB8Ouewm0oHPQ29Li%2FbZA7fCn117vM29G360hWvv5Z9h5CPLtXdSHT%2FvEPSs4p5z5QgtoPJJLYf0guBe0PZq%2FlyWgZ97G4e9T3RYN2X1sq9%2FMMEs1PMm5K%2Fvba%2FjY8MdoQCBTVJ7GBQ%2BTZ1kWn8K8SsCc%2FW%2F25rGQcrGQg39DGNoRA78CblIIULSaZKaN
2024-11-29,古巨基钻石败犬live首秀,演出 189465,https://tophub.today/l?e=cf9ebvfsM63NblPp9b1N0uOB%2FHrI2QoKsbxEWv0IUQ5AizZKUrzSc99SjiynPQIop20wC5jRY33MlYgIzwb%2BkRVx56NBE%2BYqLtmef7fM9uoPn9tWr%2FOGfVix9LvT%2FneHOITj%2BPEcAHi%2BAogHK%2FBVxNrPxFIvRDTllcVbyYV%2FQi0%2B2ymzLzWWTtHyt%2B3xHqgPm%2FTvMBypgWYletyzA3wYrXnZgsLWkatV4pQcxGn%2BtT%2Bv0WliN7Ysz7Jfxv0fLbXH89D7dtVgF1P617dTyagNpgB0fwTWjOUiAN5rkMcVfl8otK3By3ERcu4dFXwRjg
2024-11-29,巴黎世家售出8天后要顾客补1147元,12.9万,https://tophub.today/l?e=528eZ9fbO3cbvHb0eezn3dtGChBFG7b%2BQmLZpIcuXpmd15sif%2BpnZwKofhG3AmJ33Q%2BvwToMpMJIoxoaXzGpxNbVrvgZSc4PMcUrun5JOG3rjIpc4nAHGyFxCzWMmg0hQgrMqVkwqS5cPuHR16ORTrpZ63R3fYIM00IjCKfdvJkMQzBZj%2Bw3vGZ1tWsIM8oRZ2tNa2WHd0%2BdpZihUzCMSbIlkoP9q9W%2BHe9PpeBpAmA6k1kQBQYIpQlnZjZM%2BFS8rObDOPwpUFE6cB11lG%2Bgb%2FxHsu7v%2F1rt2GxQjIT0ECoDOEpHMEaH9sBg15u0IbVBSFtWWbmwLxcnUiFs9MMbRIm%2FsGC7SIPccSdEJozIp9nJYdU2YWZhXP9NWSS1UWmZlMjFUHfDedFO%2B5o
2024-11-29,虞书欣丁禹兮意林少年版,剧集 128838,https://tophub.today/l?e=d7e6BecemAdAoWBEv7bTknF6rp6jLGqA1Fd2kUvW0kjhqOt%2BW4%2Bq30TAsR9kXiiptxoZ0U20hQe8W0X3AYi50K7cQ2OM6Wv6I0vA%2FjolfKzmce7mNahxUW0VJmnFiP7P7RUqZBUAonnSPQqS6quMGfkEGJpXEM2L9TWNaIvluFOGQTvL50QM%2FPO0u0C7IO9%2Bu0XYLEJ4mvt9nY15BWTR7HlM%2FnllWLDbbiNY%2FZNL6WmXFac%2Fa4QoI%2BJgx70J0zZlBoUotu%2BUv5%2BBWMHAvtb%2BxbJ6AFnVVX0vCE2Dp%2Bx3%2FAutOFXNhtYMYDMu5T7Sr%2BQy%2Fdjq4yS3WULkBfN1Wbk7G5ZyPXg1Aeiy
2024-11-29,TES官宣Meiko离队,19.9万,https://tophub.today/l?e=3356kf6x64CWGZ0%2FYy8%2FDq2DsU6IQf32RCeAqoxKuceDh5scNqeDnwz4E9%2BuZJj21NnE18by0FsWLqN8iIE%2BTrPXO3ObaVZzZFgmCUdThcKmwKkk9IGnhlz3sjBzxRlwGVLqWnGxa99XwMC%2FTBKQtnCJRl7keMZnzaUV2d1o9MUgV9jycQ2jPjcpQt63Kx3pzMh7T9SLfBIWCxt%2FEJhSRWW92WnrUxY
2024-11-29,唐嫣灰紫发色,21.4万,https://tophub.today/l?e=6492fdE1pSh%2F8x2GO2JFl0Ov8oWBlshsT4vTrFC5auvTygMrj0EJk17l4TajC6kzr4VvXhve6%2BaRFsCfWRxTZci1H%2F9DDOIw7fzkmmlJUkWhBgdfJ7AUv7PtfAq1F5evrPZChc0lNSzB2fJCXWcR%2F0TM8%2FcCNh%2FhxjnW1dUfSDHNUcxTX0W4US97yrugFXUfzEJggaoHVVsmdGSjjeE5txS4Cmn3b9V6T3npS18abYuovTrwribT743295%2BL
2024-11-29,韩国人的精致穷,30.9万,https://tophub.today/l?e=4321qfu16IUSQVeGqUD%2BQrcvhWkjEM72iB63VPzFvfln%2FoKi5ZdkBb%2FfKZJO%2FCZdI4a%2BZG%2B8WiMA5VRg0o5jZBDvQEKXWxW6EHPvDhsRvprx%2BDK43GbiXNY2hkWxwO090GGHa4K5GB1lUY4jGpH8HH6dlQ09%2FwEksmkEJV3c7QI8wvwPm3PMl5zyNT6gprrxv7v5Nfc98A1tRKOKpuWPBjmqNGZHAY%2B0ropyb%2BNzRLRwFurGfuwreF4DL0YTibZo%2FoF9F5IcZzRKeXKT
2024-11-29,林一长沙活动取消,21.3万,https://tophub.today/l?e=376bI3McI1vrK69BaivuoLnFN2qW4fyDxS0krbYktQoSC8GzvPoR26odLwO0T8FpmjnlVk%2BnGZFdEJtHjeWmQp6b9NO68HcQ%2FQdQKD3xq2q1LxCfkDtIk3XRgP6LIjxVyTNv%2B%2FbEZqhdYeaf4G1o58MH29MYSs48RB7EkdeF9q98M92y0X21HcbEGisZq7kWXhQoA03w7TQWEq0%2BLJSxif4tP%2FZaflaVnkcEkcQi0Dvz%2F7QI%2B6%2BzNGwxkJbrTteY6NarUhZDzQI2uW8IdSaTdEg%2FW4nE7vxTEAcw
2024-11-29,年轻人买的水果半数是情感商品,18.8万,https://tophub.today/l?e=7110YpnGvuGUKF9HRnyYYhYkZUbPYaTSFPkerwRHSfVBULCY%2BcS%2BRCiBvTRWTPqFarFoZUuVwubKrh%2FIHJrCl4hJQqHtyhhh8ISdifr%2BBr0ABydDr7WaFzOzGdtb%2BEqh%2BLWrsUpE8wQIsuFAtBpgkE00HHKhCQXa46TjHtdujgyghYsZCOeZPAW1%2BFuvBABluSSaYj5teu%2BLujNn%2F051ZgLarCmljVXrXKpmnqTKXOZFvUqlxF%2BCzpvnTZIjONtWqwukhrasLa5l2ezSieTmI8O%2Barc95iT39qUMptaKmLXu7oQv3OY%2B5WLNcNxapFb0OnhqVqG8VShmEF7UQBIZVXxYn4V%2FmzP4RyoMdoZcyZko1T%2FJ4R%2BA08NvLjqWUvcznnaiIG0zGyAsaccTxSC8hlUGA%2FFG
2024-11-29,林一霸王茶姬活动,15.6万,https://tophub.today/l?e=e419bUgFf3eLTaTQdQ87Y62ERG2mcwuwjHUisvwG31Y0IRqkW8No%2F3j74lWkWWs7MSTvnraX7nJc%2FELkqFZp1CdcbUT8fEwf8f00%2Fx0KW1SdJ9ugScvg3KX9e3zIl4NXimIaqeYIptgL0YVvXO6%2BrLrgITSVCv6lPtMymfYHW2bFuBQxU929NxFzM4XL92XIaK31EL1J3Qyw5PSsKRlb3uxQRvYsHjHlbQKn1stjWW7Hy8yHOvm8d8keKvzdypV1A6aB%2Fpz9N6VX8HRAd8HIRz7mi2tevJtLc8IN
2024-11-29,侯明昊无处安放的手,14.0万,https://tophub.today/l?e=c725gQkrn6zLkZne%2BspmK92S2SfFxPb4HfZ%2FV3hlKsmeUmn%2B8%2F0aIWmbzLer%2BLxIRjcKerLVF3n%2FGS068qjxG19YlYUtbs2jnMnLdsZLBfc5%2B5enbvpGm71e9OQAXDGilGmJ0AfKqfNbLkqLCHJu3cYddvNVcqaahCaK%2F7TrqnqU20DrinXlz2tDoQW0dpKUh%2Blpl1QD2OVgkLWje%2FRXfebyQ6psAZjN923nxRLJ3MjYFuY7ZI3XFCkSkRsoqBlwLyneGEG48Md0b%2BgqWS%2B%2BvSlveAYnT82u2NrfLQH9g2pxjKsnfd2GiP9J
2024-11-29,上海体博会真的太好逛了,12.5万,https://tophub.today/l?e=0322cNAgpNhl3zdHn3dnEuo4%2Ffelo1CMqzorcZAJRBPbzQ%2FvT7NF9gyeUda%2FrCjI2d%2FCUhEzMyi%2FQBubjE%2Bfz9v3dVp1cn4gs%2FQ4i3f%2BcUoc2wREQogcXHBF0dRK4QQAs1oCHS2XEBWNiEFAkmshq5SxkYOI95a1hMLsLRm%2BlG0LCmRkWiiB6J%2Fz8FSlcFqxCrMgEbXQZX%2BGhAYeNHwkERWkSW%2BToVqrvjR8TjpFueLy8XNeKRtb%2FzdNpjPn7qL1lZwSBj9ZXo6UEW49L6AnqYfetROKMMsOfKhML9ADBRP3NNG%2F4ENTKwJlg2b86UPDkx8gIa0V0W4c81AebO9LTeWtJyQY1EJR
2024-11-29,容祖儿心淡全场大合唱,综艺 134258,https://tophub.today/l?e=2af9zhrxRPFQnmvsQ0CKEoqvdi1nqHKhJrio1QIlMvwgiXzlJdEXKITzoVRiP%2FQ5spH7iXc1AoVwsWXNqrTsZabKpxnEMHIcMUgdDlDldklHl1pBv%2BE6UZQM58A%2F0JBKwT4rzZo7wQ%2FJvqvtW7GrYL%2F8FZMMaHjBJEvXcWsL%2BwBUyHpey69QZ4vKJcDxStZGrq1ghwJ7gmlBdLigtHMpAxoKsk1zw%2FKJS2ESB0HtWxxsbOtQl7zEMWYlFQak4SyxLnPJt8eUR5fLuZRFqK445K6qX078wzX85DXPC5734OydpfmV3zKXCMz1STljev8kO0zyRhazTk%2B0
2024-11-29,王源头像P了个新帽子,33.9万,https://tophub.today/l?e=e4380nXfu0rHE0wtXmJ0Gk3RgKg6qrNF2pZAW7gFHbDT1gW%2FyufYmcNjyGvoqRtrvoWqa72T1z5kNirD%2BOPPnCCCrWOnugqb6TEdK%2BuaT2rNU9fXGStk%2BXVkH3eb%2Fcr%2FsLJme0%2FjzuOovALhoyELLsIRazESs7edjnQ%2BuvhqbWYRqn%2BqX4zNOGr0GemNQSQSI%2Fp%2BtvWeMQchCLuVvVt%2BqHafJHsjfrCOEAKxPN36DO3zgPfFIjZ6nAqsaljFoL%2FlPSXCRW%2FoKZN6sSzvXImldUDWwBZV0y2t48jfe8LUQqPyLNQadzkHldXxNQ
2024-11-29,再见爱人4第七期视频没了,综艺 361721,https://tophub.today/l?e=e6729%2Bkao31dykN9T9Ps5ZtqQBENff%2B%2BHxyLOz9SAwBA6m6ff2F6VDMUQ%2FgWovuWbuLqAxsA4LNvdRZjSwlprXyed%2ByCtO9UzSlqmybJ8%2BMQZVFDcpmfUenxqoOYuKH6YpjCH7vqNzwiw25JdhZdG6uoiPBhVj8oJ6f1qnKxWkmpKA0sMHSMe6RCfyzYtFQvhHrDeGq5Pada8pM5echXA1SoHM5x8Qhb9K4pBGkVaSxFNM1Yy3w8FdeOYrSVxsr9ff%2BlxzX7kjZ0XFgvuDo%2FAKuVdMU%2B4yq2PpRIrX8M%2FYpDzj7gabBIMOCV0P7LGz6CV4a5oVOP4L7YdBMrmz7A8p15pO9WhHAyGw
2024-11-29,优衣库创始人言论争议,151.3万,https://tophub.today/l?e=1b60w1A2%2F5cAgHpvhmpbmlk2Hz9p8XJ5ckLjpqNCxB%2FfP6l5OjaPwWEBgjIQcg5oJYUKsLeIPU6%2FiJDq6VayVOtyI27JpPSnWkmusTNMO2rxIvPNJcS%2Fx%2FKe%2F8%2BazKSya%2FdWaktHY8%2Bdth%2BqPt6bC0oxCjxsDAX9ldgzsY%2BGJMhQIWDsXSffF1eOKymKJozlFT1DD2O6CJ3pF%2F59ljMv4VcsEQ0ygyC1%2Bo5MGvrozDnhh0g0AdwASmzN82pEhWljdoNBiHf4vSHioetiJTIrb%2FzqsQPgFgAbIMcL2jkRZeNTOyB6aKqwCAv2J6d5GGdJJPCh96AtdZOa
2024-11-29,丁禹兮看人深情是因为六百度近视,综艺 209505,https://tophub.today/l?e=2e5187zH1SabizbQYd0P5bXV8k1els0ogH8%2FrMeZ2abICo3l6Xu6BtAKzFpVfN8LCw3GP8o4jWJ70cyx80QBi8LykTYNEeAgcDyCgcJeSrUuIWTXDW3L5z5DtWTx%2FbBshzBJOhUb2nxNmTwEKKulbt4TYVGGZr55bs6u%2FloaCUl3tstKLSVSSvIpZlCqJ7KwWybbwfnGTeG3tYLSgsbj2bL6olU4ZwoqiRXBHokAkjMPoN%2Fy%2Bltvndem5bDg9%2B5ZC6OWBrPlHw0eIkGu34zHvknNqG4EmqStIVP%2BZqNRKZ35rDI3iX8b%2FL7ACs3O6PiOtqcjTlSI7Nmtky%2BVoEdPO2AV%2BTQa39c5ajxy7pyG837aJxM25GBOJqMqDZgCirPzgUP3tBtBYSX3z9h%2BgpzIxFfIqgPyZ4QDHXPcgPM9OJKDKp9x
2024-11-29,奥斯卡宁荣荣 新还珠格格,剧集 126779,https://tophub.today/l?e=26e8WwLpH%2BNl8WgOfV7A0vFegtLYiTXuL4MseWnxp8lXXQqLOg3bOywbphZkbV%2FE4RsxzJ9TjO%2BbLpI%2BF9NWbgQCzWVeSd00MrfJXQqC2MA1fnVcxbAn919iVHuHrj8Gv38x%2BNjFJzB7c84CuoUGBZrY9fMjTAD1zPcWGph4R87YJUTKOAkFHvPCZzaFeXytGFP9it2f5mpfTRLZZl7MXbOkmePv3YZBPr5cIzaPItieLBkel9Wujw9TCQyEDcjmTtUz7VGOxSvAJJyZcy7H3JNfRx5%2B%2BHDBgmppXs6lWL%2F6xnkw%2Bdn5mSUXSi8SOynQgWmkfmYfaJwF4S8G4leMiXvH460imsfvdmHB
2024-11-29,丁禹兮 包治百病,15.1万,https://tophub.today/l?e=fcdbX9PP%2BrkjgnILHycKk9r3vI9vIrYW7H6zeVK6L4gwgeNAa9BkOVzqPvCNIFrsRlyGSxVTbZ%2FiPfXlGs1eqUZK7nCQyl9t7TBh3LBDvUNzBo3hBm5QzLNa9FVDnPj3%2FkgLIWH4CO4IcZiQS708uUXIqm5I8lOgA4CXK4u9dF619dC6RU4j%2BLXnEto8NdINjixXkwdrAtrtAuaPdsdGGsyEjqLQcLiLoP2QnGGgPGjU70ITrdqLhVrcTq5og6nwBjXsVK76cnMIPWvKfDHh
2024-11-29,孩童被未拴绳狗咬21天主人未现身,146.7万阅读 | @百姓关注,https://tophub.today/l?e=3844ps1OpzcGViFESEsJimOdkSz9QjU5XPNltzGHNRc60QJpnfz8e8iSBhSJgBwmQHYDFhgxZgQrHxq8C%2FAgeMPO9DA7MY%2F9fvwjfO1zMzkOFlVERDnnEJmozh6buJIsYrBC1wg8YJjbSOVAjUYbD%2BI9GqI2VAkUk%2BcMQMGMvea17Hq%2FzszTCEC1fzCCpeq89NTxFmWdvssZDnOjsbpYCSC8wCwkqWi3dMv%2BnFXsx58BT0wLsAtKAokmm63flxBSNXz0dhRIQ2qTNjR71lYs1yCKNlQseuZYhFoaaI2yzuci%2FQMiiqWdznMi7mwvjB6iQDHomkUXDtabg%2Byf%2B0To2s%2FZkO%2B8GLNToPZ2gUAhRfv1IYlcUO%2BDDUK%2FNLZwdVVBAubepGi8dY7xzPrpHzmVNPlldVRfjR4
2024-11-29,MRC对战GW,13.3万,https://tophub.today/l?e=151efpyKq5PXe6F6uNHUptEZKCIskTzmb8WzVK8BbLWrKzKUzbEGzrgBGvh70D6SV%2BsdukqQc3o%2FclH60gP%2B87NfgVrVk2VfpzDGVvbj0rKh1dwLr1SSmW4XYxlerEoj6AfWomwaVXBhSC8xky%2BsEHsS1YJ0BaB7CTXsZT3SbV9JpMk3lpA
2024-11-29,有毛利兰陪伴的夏天和秋天,18.0万,https://tophub.today/l?e=01bcVvmwqy3wR4yh4qwkJiFfap4joqvgl6EhM9eIaZJlPHIin%2F1PTmGEpz5N01O8ZfgzeTt49VZyb7yZb%2FzgaC6Uoi8osKNBETONWLWuSgTH%2FI%2BvG8Opvmz6zDyw9AMotwFT4jI0q6O4pVgEj8IWTFz220wxZSBmiUTO44K32%2FSs3%2FE7GKI%2FdvrA2kjXWGjrrfajL9LUEYPuIrycFkpbJ55uM%2FlW5WYXSH3bQq7dY1AwNjlLU2FQLPnCJ5LRrPQKIcVkLxQh%2FGZkCPh5yb1nkCiybJZ8%2Bo22OjhluLcz%2F8viinMir%2F3GYuMN%2FidiMRhxoWsMjjpfztrHiNajqGde%2FXwR1PzHbXT8yn2dC%2F%2BWEsEvARhvH3Gh
2024-11-29,南宁一家长称15岁女儿孕期被砍伤,16.5万,https://tophub.today/l?e=8446F0zcQZv%2BWZDFSTyT4%2B7WXwAxvEIYvYx4eU2c1bQFACfuJLh5lOA2q058VM%2BuiO4qpMgDtCT0KGtNKvy2w0bBjQam9Az8WF7IjoLtkYPmeNyP5IVZah6cXTWMk6GasRk8RSVGkuQQJmGpM%2B9ckrOcpFWP%2FRPSC1IyMDPvdzN0xQ7K6fJzSl6qwJ65Gkr7m%2F0YitGlfudVC0fG3foQcyXSSlJzUiy1KtTZpRHmUhLj6iUXgyTJ9wA9aUPgj9BDHBdlWtR5ppS0fcYrXrEJucjdZz510k77U4seguETXoX71oKNI4iWnYe3uwBqkN2JBjBLahLrdy1bJ%2BnOLLrMzE45sz%2BF3kIET1Y3rn5r3XmEk30rlqZSUTV24wFD6l2Iwy3n6baCD%2F0rT5J7a%2BeRcTqsdjeGzQo
2024-11-29,杨子黄圣依 人设,综艺 141898,https://tophub.today/l?e=ecbbz%2FwCAQC11B%2FLsV%2B9rHfG9WO9tzHH6xbkhghRZ0UQBY7b%2B2Q61DDyUDAW1%2FiuR5Bv9vRuxT0cg0cndqaAO7s8oMNbpEyh5w42iTseW7mo1RUjBv0%2F1Q5fO1k5RSlD4lSh83lEKu%2FrghwYQh2FO9BBKG6WFwpIcoV6%2FbmpfcB3ztv7x6S4FvxkToMpantXsEYN6DKkgnucEpnQcYtXilgdcVgZyJBtFA0k5abJMNI5MTv7LoSY1lxXakZ%2FCtW3FZIYeguXZV0Ucw6hkt75
2024-11-29,张予曦 初生天使,剧集 127019,https://tophub.today/l?e=93d9gkSTohi1dji9wt1ydVMFSLtlBJ3Oe8Ks%2BPB7GTq6bBR8Uo115v2EFqMzx3R3dK0kSkyVkqaSzHTgPFIJKOr%2FklJdfqPkPn5LqKnG5w7jZfLwK80PeDFW6Tn1SnfcYlJNmVG3tjTj2WOGyqqOLyFachvr64Mnoot%2Fviiog9tmMGe1D6XGRkwydItU6ZOPNSCeQRU4u4yNjjzuRTiZRigGjP%2BHVSt%2BqI9DvERPWtnoUQDEdPNfCXaIG4JSKzGUe%2BU7TryrysOcAS6bdV9Y
2024-11-29,3人1分钟抢劫金店价值千万财物,27.9万,https://tophub.today/l?e=68dcnT7N1%2FvOBEPR1%2BrkDdFvOU8Mm51lkC6sEWr0VasDbdgNEvIfK%2B1ojM7dcDG6x7ERBf4LelfchIQp%2F1xVIaqzuX3oX9NemAHE1FSNpbVb4Z3BYmcyOg20E9Ysig%2BFJwFHS9TvDED8HTXBMr8EmPulWaByNxIZ6D3CxbyVjtIF7lnBEtHCEfhH0b51egcAvzEub%2BErJMLe7Kb2jcfugbL%2BtdA%2B%2BcD5nhLbGURMuLY4%2BcE%2BqSHpPZ2TMP0%2Fp6eBliq58SMCz8ZS1tsHLpYSVFN3a9QbiCRFRCYCfLy8axdEGZc0ebsnGwUdgvwilmbHFNP1yDi09GA%2FbjIEM5b0dbFbimBBhYZzHDz6l9Ax7G6zziDcMUkjm0xJad%2Bej%2BTLOGyhp1i0ZzQ
2024-11-29,派出所回应山东一金店被抢,19.1万,https://tophub.today/l?e=0d22g7kgvS%2FXENJulbI6YFla5%2BkKhopCA%2Bx5xnVqUsvq%2BBsWGfaMHGAWhiKON17oqNworzKl2RNQex%2F1OKiW7hxvtBlhspOXvuYC55sbQI0o%2BzuUiN298MLbCcEVtzduN56FYhbCGBmR4llSmLmlCAI0XAE4opQ2Ze9r36ni0%2BaCYI7O3yzSJzZIOMJwsuK2IDanmpXTxbpbRU%2BS6%2FphIOjtoruXfdmz%2BhM9M7c2qodkuzzW1ABJKNai7glsuYgkmpBwux7UBA5ZoDHZe%2BdECPKgWXGP1mgmr%2BfJ5eHYkyhk296KXQY0h0LANXRHks7FwyxnAa5s47RBrV5oiwdgTu9gWURiAjGF6EvsqxAcDYnaUlmvyiNT
2024-11-29,珠海户籍居民可一周去一次澳门,15.7万,https://tophub.today/l?e=f7a1zueXsPmvX%2Be4pnq4sx5GzModNYgyNfUUZZKUTT9yaNOvSlO20e3iEqhzToripCDnkLJDteVvXoy9W5Ae8L%2F2gyBcZIbcBHWpBrx9ofXC2xtRvjCY4CfX2I6LfV24klL%2Fh10F17gahlZANgCM0Mr%2Fy7ighNLJARV5Ov%2FZAFUO9jBle1FCm6UWvDym9M2dJ%2FLJIXRd%2BHDpkHuBJ3dL2qRN2b3JBzWsBX0Ecx3RHBzVoS0EK8F0R9YtiOwlqM1CLTd1EyDZYyjezHKgS53kjyz%2BSl8HEP8iHDEAWNarq%2FOff9B%2F463FJqt4EAGlbjclSxbj0APlGxrhwZo7Ls888HrgoCdQXg7CLPqhj%2F6aRhoDgTrV2QskMlP7D4mwFPJPop8lt6noNCY%2BPoKuqTN%2FFoFK5get
2024-11-29,蓝天救援队辟谣外卖小哥海上送外卖,,https://tophub.today/l?e=8cabed1402fhWufmIWfvjl2YAT0qFoCT5Iy81L9N9zT4%2BNyg4GA6dHlespjeuA%2F3z2wtiTOAASFfzElxBDlci%2FFYx42%2B4n5n5mKDLJFpBVpWWpMc9O10IM3vmQzRG8MkDygbKi0gcDAEIIvHX%2BmPn2HrqgARXxJhojacaEzHSkWpun%2FnbSy9ze1a3%2BN%2Fx9%2BWfBsV9kurwDE8pvtuCRwGsXmW%2BqZjVmQIwOESVmSGesRrdi9gC%2FmAWsLy7JgC9ocj%2FkzBXneTJcrUAMVlS3kEuPnKSqlBrvClzWAZv23YwuutvwMpwNyMD0bVPh8rcgN38tztpPGdUq4rujKsh6EX84HoosT1gdAaQfw8b2UqOtwg9GXcIwxmeursT%2BTP8Xb9oNax6Wt9EsPV8csO1jh5RxS7tKGYeNldLHe5f5s95rBmJbf%2BAw4ChCUu27dY2qTUIrKP
2024-11-29,卫兰她整晚在写信,综艺 136195,https://tophub.today/l?e=3cbfHmgSJYtSUx%2FFVUBmmUKQHFU2uCwpW5vJc9ljGoV%2F%2BRK9PgvSsPx8wrXILNCZo0%2FMjlU88H%2FaNioQsBbSw8Gr7iCotF0%2FiDhZv4P%2BhfN78xwAgRJR%2FDIog8LPgcX7XSYmbZ4%2BH4n6pAH2%2FSbQcWRRknvL7pawxLjdleiF0rSnZg624vxaKdV6zPcGJBaZMurnoRjk%2Bow9cpagIqJp1YTbkIFHxPVR7IFbbt9ozz8GuqWjgqgB%2FF7Pu63fJ%2FszKlu0AXxDZCpMfTcC8JmVH%2BDMLjtMxcIGxxqm
2024-11-29,鹿晗好拽,40.6万,https://tophub.today/l?e=149cI6ew8v3%2BUozLZ1RhoQK8UagfGJeNvYM4ZZkzN2ZegeQwTPPBETAHaIxRuuUAP2p8Ofe%2Bis7Xl%2FjFF8IAbL3nK76DC1583q%2B5R%2Bh3%2BM8cZ5u0qiXoOgsCJzTHkdQwDaXX74xDfGuVPAJfNFIZWeBT%2BZUN2cIl7j%2FCXLiUQ95hzNxBfuIrXvHBxz9BaznLeTOhPHEzYD9bWEWmbW0%2B
2024-11-29,108是法考生的幸运数,17.3万,https://tophub.today/l?e=b95bzdyk38PPPU7efzM8RRRGfYS%2FuRSNrlJhITt5oSdIIshw3prFbJIB%2BCE5McCZJbLcXupIp7pMma5yb2JQ9b1Swpsw7f11pAqL4tQgVJvGNmPDeC89KnYz7Bfsmy%2FtmpRMuvyDqWHBAIFjym7iNzvp%2Fq1Jlece8lz%2FtLT8cNGEa7NKidJbz4KQZEJGQJ3mWwTJNXxT%2FKS4OAqpV4%2B7AnSowQfv6K8LV4ZAe7SIGBaBhKE3eG0KhbXr%2FsIQYfioX6sUIuU4%2FAIj60DBmKAD2f2YEiOUO3YYVqj0kLYP
2024-11-29,NewJeans解约发布会后首现身,16.5万,https://tophub.today/l?e=ed21bPPem3Oel3GegvBO3l4YpSoHzoOdy7SS%2BqtTV1wVkI0GwNZy8cHJErvRp4wifY27VLH9dphGRgNnKIAR7rekeyhEmJE%2BPvofmmQ7oo7JZbSGGTC2Ppc5WViZh5KtssSfuLkDrczhgX133xDdePX4lW2IBKHzodoxvsih8jpRwfIQflqe2ZOD1mT2FputUDZN0BEFdonzrkJ2%2BVVC8%2FiSKPL%2Bh2qvayGYawlBKHLR5vwgswOnrJwremLi879E66KuTBNBHztF3CIw55I3nJH4SKhz46DzmMqrmXHGiVJ9OS%2BSZ3zsI4%2FVCoD5U9eVKPM
2024-11-29,唐嫣COSMO文艺女主大片,16.5万,https://tophub.today/l?e=d3e9TTxEyPlUpTFfEF0lPPwUA8GqBvAJq59PxCDooy0WMMzujlAhTIgOrID%2B39hZbyNoVvMlEvfnsmNVKVLZrz5A%2BNcBkMoqqWXBCWl8LzNO1ab2S79wZeuoSsG%2B5FU4zTONQBnyLUL1UM%2FAN0OSgIMlWTebVdR%2FPObm3RQDI%2B47oHt%2BgHcGzg4bi%2FD4KvjnW7mlYPsbcFV6Kmxrb05ukaTt6mgUveKx1cREisktTQzHGXCXvz37vpFM%2BTCRlVcMFdhww5bjcLBij1VlpebbljLE%2Bz08hYnhlgT8iKNtwio
2024-11-29,何洁时隔十年再唱rap,综艺 181138,https://tophub.today/l?e=3c9deqgsTUVsqEA3gDaUp4EAKis9P2lSVeLxU%2BqvudyfmqDaTQVkBUVe83xgR87ZPpVQ0jqhksFg%2BWwphMi%2FmK%2BeBwFijLATpzSWWMlsqTErp3rGkcOE8oRRLK4MR0i6PybwfGy6u8AVU7qmQnfb7IgToK%2ByGIsxiybfv0B4EDi7aFaeGo%2BpqVH9QRpU4BnT8lVP%2Fx47dKS91KTkSqupnujRVHEWKyAkcrZIxym87uMRF4UlFwcQRd%2BRgy4FJ3RwfOePo83HZikkzEzNM%2BlXpcWrC0ffxqlZ6y%2BR9jos
2024-11-29,古巨基cue宋亚轩,19.6万,https://tophub.today/l?e=fa70d0npmnKGYb7jHQty7sjADK2Ll3wzwuk69kHetPjCpcZ3Uieoon%2F3ZhAcjUDpW0fhQCT75d7Dukz7wPOkedv2kE%2BtXQtRfNG6adzfkneCCAM%2F9ANy0hcDt%2FsD%2FbaC0XBAT3wiEVH4E3QyWMpFEJEq6aHWuvD2Ell2lm94SLoei8T0vcb0r6QLBSeV98jY%2BGucO9raVNzX73hAC4qbmbc98uk3Vyxr8xasyjZhkbBOC4p2DnUlifTr6nvA1V7J
2024-11-29,WBG官宣Crisp离队,12.6万,https://tophub.today/l?e=c8064nmG3JHECM3sdyb0vsaLyO25jv1hzZ0exVe2y6Cr64G%2FLTkm2651V8Ms1YqKn1eVrwh8hSS47D00Ymtmkb9pWP9%2Fx%2B6L6V7qDO%2FmBRXHlbA4lrwgMQQ0xT8QuFv2KMrbd3TV%2Fk9tHhHx8X2EBd2zJ6gcGTkiD1z70Ro78bLiCmfsWG88tOajHL9rKU0A7Xzz5H%2BYIu%2Fcn77sba%2BRvgk9n%2FCwIk0
2024-11-29,11点05分是郑思维进国家队时间,14.3万,https://tophub.today/l?e=0d32uwmzmvZA5FgsiHoZOMx7cU0l9Rvc5Jrs5pv1pTwTwDbFT7jX6gYQWwxSJFJC6Nv3ldA91YbRKo%2BqXbnHS1B5%2FSJrXNXSmEmnXLirVH%2B6d%2F%2FjJ5loYvQB8DD7mjRWgSDlcgA%2B1Bt9OzHoHWmAeZkRUZ8VKx%2BZMtwG1CMwW1mPs%2B6Z5nhpjzt0vzwZ%2B%2FU%2B5t%2F12ZWpncDmtukqdR9CxCHbXaZC2wATnQhlPjWgRXb%2FZkbc1zCjcj68Fuf2%2BEVVQBaGHXmcio4b5d6SfuDH2q%2F%2B117sdPJ1bZ4wpiA33tXtWzZaYGDlERIXWo38t2RhK7zV35ourF2ZHe%2FDm8%2FiNNGUrAH8ij7ftN6FRW3tkWu9dGDSGuco11z7%2Fw
2024-11-29,黄雅琼回应郑思维退出国际赛场,36.7万,https://tophub.today/l?e=52d4vuu%2FXS2WXK4RGQs8vTqEaBzXgCg7Qj4VA1aEzIn9cp114yrqs7t3Kw5ann4n%2BuaHVj4r30ECxmh0lTX7i6sS3dpWZ3a9o3bhet1XtI%2BxjgRjkTlNBnk8ukWZAbWrUMDnp0Q0CZH0S1xLSt46Aywou62aOuUS9buPtAEJmsLWrgqfn8%2FZH8rTGLjF%2Bt%2FxS2A4f%2FMWrgbipbe%2FkQiaTr37O5ffgTRwbC6a5AE%2Fhg0rSuIIhz%2B8NaCILvopAopFyyl750DHXYyc%2BZVbc0XddBHLoMFWelYJtqu5H8qY%2BrwwyxdNvaP7VqvSXndhVzeqAe765Mmi9PaRkEbWTZa%2FtV0SWIlqVh1Z%2FsjIYX6sTb3iXKCEQ5C3uGsBnOcDjQ3YF%2FgSN4dYC8du3tVZf8WgK7N2r1VU
2024-11-29,中国奥委会祝郑思维一切顺利,15.6万,https://tophub.today/l?e=a2ffeYcjxJB8o1N%2BEJqfAT3f7KIM1RvYGWZZLm1g%2FEpaGXOBuvYdByaonzVIuWK1%2FJopdde5tCG1Lv%2Bv2AvZn%2FkSnFY28aYxGCVfaKu727ZchmujjB4pOFE8piH1fcl%2BvwphhGib2sg5TyfqUGlCsZdjGNvxJika6g2vhmlo6V3oGRuV71Zr7iRgxnrgnmdfvc9yJOCFE0IednBMJLgrvZbSvmEEKtUVrU0TOLWMtsahMU1RalAiLKLPCGtOwKvQQZoRvR48OEaJFlSqcH6eyY2wVkVD81tcN6O4f1UfgBopb8TSABcyjntdpiIo8IaZBjpXfAh6qZylOPgt4oWYp4%2Be08F9OD66IzTU2cReNDK%2BZoQL%2Fk%2FUyh2FXbot0I3YHOKqJ5CK
2024-11-29,陈少熙预言家,13.6万,https://tophub.today/l?e=371a4RcwIsKpqgNkGdDm%2F6MGkFugQ4c7PfUg5utjApbHb4H%2FtRMwp17ESUnTrJznnHamJaXLWwGud7x2H10aogpBC4HF%2BNM37l6iJHv7QMKu51loqfdWebP4kDlWK5NX9wsES5ZZHS4OqSJOI7wcyFTftf%2FBkwRixB%2FR%2B9hNQnlpYz33cTMxjVuASEkfbSQM0Bf5ASW4HzDWPg1KP3J8nHdPNfBkvu%2FYccgixe2Adji8xHy86PdyH3O5Abym
2024-11-29,羽绒行业人士谈生产内幕,13.5万,https://tophub.today/l?e=1939Qg4TgPbFyyE8HbU0OfoUz8jVtVATXKre7dmqMj5D5R7wjeerndAGUqrNtnmS8R9I6AK8kR7EeZsfEm%2FoVmnMSQGkZ0SHzkyXSyL2KDMHK9F7oPp90jXGltOEIJNPD8ItG8bTZFruImuNePhZWXFsfMVfMXhbYVMDnBAn4lG6ecX0JaLlXGsFo9SK4oDU%2Fi7AaJJhLWNtqEZVA3%2FBqpM7p9Plen8lbYn%2FpxHYOTIYEsFpMClcOb4zYK9%2BkLociVno2hzf%2BqTj0f8CRjzdOB5YA1TmcId4xVXu7UEbaU5mqpgPIonb21MvAQSIwYM1UbPY2graoQqx1K9AKutGpchwb4kIIFfW
2024-11-29,官方通报学校食堂吃出青虫蜗牛,468.8万阅读 | @新京报,https://tophub.today/l?e=d2ebpLi8hrgdi9XyasYL8CgQJhA5dSUUIGwnw44V%2F1jmZv3o4bv8lPf2EidHLid4FBgX4oWn%2BR4aoYyYKyfLxPOHE5nGUkhDL6ONdjWBbzs1B2Rs03LB6%2Bb8Xz2J7ByPvkcQysEf%2FN7a%2B54FeELed0CCzobXdlUGEv0ZWiwWmFFilJ%2FsXp1EoAisIgTm2QMTOx6ChPDf5Z0z2%2FqmG9YMVABFxdzViIhq5RdgPSFmHG79SlSxBcnk30jGjBGMmXUzUDC2vrW7%2BN1ZBnSc5dzLXQaKXjdC1Am4FEjoTTMJ8fHyXPaGCBSiPLrqY9uY4wLiWaVrQ4E7ODfJ8la4WDJ1Pa%2B2Yac26AleU3mZpI9bDXa2Ccdaji0ELA9krSKrPt5c4PQjOwdbZ2jWTMhT26QWCG1T6ko9
2024-11-29,婚内婚外老婆情人饭局修罗场,剧集 116034,https://tophub.today/l?e=c6e5vC9wP9rMUn5V7YO0JZTcRRPrZE%2F%2F5IF8NaEf00opENxMWECfIZcyfknPdSDfYPJzUX7LSwDE8k5IrvYtSdvyPkDHABOa%2F5SlbvZiNv%2B8y9y1FIdVTLqHYv1XibDAoFAKvT%2Bbvgz0849mb45h1G37svx9qt0Prxty1VlB8AcV1VfB2BeiTatRI4mWJQuNjxHGDXpB7mYqAcluzkGC1NDaW1m3Bkl9UG9bNdJHjD2jXqXyAMeIGu%2BuONru3X73kWGuevbDUB7j5pWQx1EDVFIcoVSgSQytSCQ9sX%2FNWbwJiKirUuBsLR2ANn20fm%2BSXpkbw5WkK5l4%2BqxhPDZ2Z4R56ePj8vb6JOaGSgFGy1faoJingIHToQwnO4QEXQ5mCjDxrSFP
2024-11-29,Puff和Langx和解,22.8万,https://tophub.today/l?e=bc2aahhznFTEv48Bs3uqPkfouyIR4%2FVIqUEfVCsvYtdJCFEugZhOPEMMAl66oh3cPG82G7%2Bj2n8WbAPxDDTl534ucp2H9Xs3aMmUf988Q8wU7dBfPt5Z%2BjsEoiy3E9glJJeRk0M17ljpkAYbIOeyJonQLomb11zyajB8R3R7449PNZOGSOw%2Bfw%2F8BMuxqU%2B8zwfLzOfpV43w
2024-11-29,国乒备战2024成都混团世界杯,12.8万,https://tophub.today/l?e=99465TFtFUTCBDkdWLR5HzCqQBFQO5n9Q6JwvTdwsJ5msAC7YYpC2gqtgJ%2BcOg5zymhFWBKeog0izC9tVKlN%2F4dsfW%2BKvvnYjkw5mbM0CWl6%2BcDpqNSqbBx0htfnWnoOcdHmM7KFXX71FFOXBlmpNcPpggCf4MjFKTSDRkk2SnHokPa%2FlrpU8r9xlWaQhdYr3poKxB6Q44mrcRHaZmDHJHnU0Ss%2BIrhQjSLQVIt%2F2BBG0J0pJ21HTbe3ttCqUq%2BpkCqlxn%2F0fKhYTSfDH0WqYwdSFZPkIvRqkiHCLk9XuZxm2vSM%2Fdt3YoEGMtdbE5bkuEWd2xfD6HZrsj09L%2BV60S8%2B6DQ4z2vaIhYscw
2024-11-29,苏新皓我记得那天阳光很好,22.6万,https://tophub.today/l?e=a583FGhzfLtLl5XqKJy%2F05iisdf%2BtjET3jFcJ75IlK5eNxKcxN9nAJEQAeJSMCUHf%2BMbLroG7okOf5ECreeowWWNmVRKYOVQVy68HOyXOa0yU3qGrmBqlsUwii7HAN1uhMWOnYdT5CL8x1y57tHwjxJuFcv3KGE0mVqpgkHZjuSQOgA%2BHhllFyxi8Kl3V0%2BVLX5mbijG67cN7kzx%2FXMIAPAiBTaaIUOjM5xy8OXce6Phni5yP9NSbc0ZVcDTMpGeZdqnqjIpGJyq1qRWrApy%2BOkpYxtS4vsC2CYxkiz1KFuNi2IO%2BRd%2BeXQv2WTS6M%2Bc4n36RUMTuYEUGGnSkLHvAf1p%2FcMZxoBV6kABmX6LBZVosQuZlUbh
2024-11-29,金泰亨单曲空降,音乐 168164,https://tophub.today/l?e=a293ZboC9YrREzUamojPGSrMNt8aQ%2BfnEJhdouHtfoAWCtJzh3scgY8flwlxEbWw9mzMAseEstkIXtufViG%2B7pp0xGxK%2B2mc2qFiG2VGu69x5brhJMRi0M9bNdtjqNe%2BsTFE%2FhBmFdvw71JKImlW8s0VB7esRCbZGfBSQh2hAly18qjYgfXRtUmkkHA4XOWCqoLRlh76r8xylu0Q7u4%2F97Ttr4T0zZD9KCng4yUW3P9UuQIkNMO2a1Stqg%2FxQPCualFJmTv0CJwy3%2Bhu
2024-11-29,唐嫣粉发未来造型,16.1万,https://tophub.today/l?e=c037XTJvUnSPWR7Zenu%2Fi2v6uf5TSxrBtt99xvGUMNKP9fds45pOXmMmqeZp7OQiIAA3J5bAzwgXdd9NGYi8yTyxbuwcILClo4yNv4Xqd9TMYJiXw33%2Ff39yyDSlJw5BqHHBAOpsni8iGZEEcULU3aE8X7iNG34N9Jbhv6lPMimh1yxp4JIR1p31rjUUpClYZbHj%2Bd2qro%2Br1N65o%2FjDlOQYLPh9fPoXKEthKMgWDWpWTpgj%2B1Zhde0aphaVdll0AseeFKHwN%2FMKDNeWzDE827nXr5SBkGWYVOFr
2024-11-29,冯绍峰接想想放学回家,39.1万,https://tophub.today/l?e=fb97jSpdxFNHIrIozWyggnzJr0%2F%2BRudo08R0%2B2jjMWRpUXt0W0JO16IFHDtbLF8hLBAmfXdipe1dvIsC0wfjRsm49i9p3krjKRP2bXYh5wJaU%2FuJpU%2Fq2%2FciDasL7uK1Z70OpyFxPQE%2Fsf%2BiL2pLV2xLm2kYW0O0g5ZdoiXS4xu8hRn6vYMUDv2YZoipcAmznQ4vGcjzG9CSLhcrEk7DGSqU7dg1YQpayreN4zjEoO%2F%2B6lJZnsuhKR%2BxZ0MJ%2FHn92E4QBSIDsY5ktJsKdTjrl63LfdslA%2BTjOUrJIY7kpYo2BxwJlhM0GxHzENwlIMwgJsAYbmcsP%2Fjd
2024-11-29,冲锋衣成顶流是靠什么征服年轻人,13.9万,https://tophub.today/l?e=4ddfm8p2t4%2BQq7bFg1YgpcA0Ta62fVqAdkz8Ks1xIpsqWKOGMZodZ%2BAgqSPmWLjT5ZARRBhgYWBnS4NfZtHotxBeA00cLQKWq1ZyjHBREnOMYg%2BaLuda05o1kGsZepROtwIGMlrKEXXVE4AHfPge1e%2Bq6qWOCsKzDYIeDqgDgpQlP18oItZV%2FqkDHntEiLcT%2B7C7tuLcN4Lw6fztNvffu0KDtCLMnhLQTo2%2FZwOelB4cKdaAnrRlPn%2BSdUFCbXrGjN5MkQbPnH8HhQ8rqv3ONnGc4hYdMWdC%2FmK%2Bxbf0rBmzmSp8xHBtr5E2n5KJcufU9580hVUn7Y2HHcWRvh1gojnU7jj%2BZIVNJ8pPSu5MFixGGGXlJCku9VX%2FJCx%2Fzy2bMmKiKiQVoZo%2FASy3vtfOS3KTZiJ7SCSmAa5TNdTOyYr3JQEt
2024-11-29,闪耀的恒星含糖量百分百,综艺 186584,https://tophub.today/l?e=9ce6pWDTSgWrHKQ20aJNi18xIIVRdUNShaneqFUA0S2Jt37kOoYcZLZrCkevW9472AQ43oiJPOPN5KvGSrtGEIxgaIEVkX16VV6YeqtjxMCTE1mVpdFOH8LhG%2FT5hxtGV1Blveca89GAPi%2BZs%2BWwUvmvPF%2BNVpXPGzI9rd%2FIzWS8zsUV%2Bg%2B3rqBdXKfUFHxNq0XU2d6bFavYGlQuXx3O9XK6%2FoeNtna%2BeQk13u62Km28EAbXMCl9lBYTyO4jN6kQoM5Lh2C4rd70aMJrhMTgtuC57OxqVX9OqHwVERpw22P5Z1sgqWQ2Z9xj0no5Gne3xb5flbU1NHQ0YhQ86H%2Fc0zndu6G6mJE5
2024-11-29,赵樱子出道12周年发文,19.8万,https://tophub.today/l?e=944fPA3PYXa7wUPWjqzpdNFLESD8694XFC4Diew0E9PBMxMf2hAyarD9Fnn3jmnDr57UN3LCRFjqWmZCsuFjCBPhTpVqIuFHVm13MNI7qAiyldM35LfAqzRbLcKO1jqF9uhSIjd95D4%2BQMC2ft7MIE%2F%2BblBkiEN5sd%2BTfoSO5Yv1rFBx%2Bpsx7ZpSWzGwgOR0EAi8vHt5o6%2FTp%2B9sRBlgdeFbMryVrSxf%2BrfCOvVgmLzkikG4eNkVT6YKk7LHO%2FRt9Phi9y%2BRa%2Fppj4cHEw%2FAeQDy49cJIcLwSWKW1vmhw%2BLnLcRRn4MRFiO4XbM
2024-11-29,世界羽联发文祝福郑思维,18.4万,https://tophub.today/l?e=78b421ZRy6qpnAfY3rzhrHTYwB9340fjSDHNH%2FrvaJCGzVfP%2FoHJzcZx5UFdC1O8fhH5V3gF0j5YhejgbNdXYpJLS6n%2F0FOA4wWVrpaejWW6iigdigDTmqu7KBw2Cp6sFoeNSx9HtOsJiStjOiEdHFQUWSVgzrfsvtCabXJOAiKOPPKYFQAh5tvHT1u62geDevTawS0qAmYYRO1MqHoKRjlqnayY9p9D08t8Da2SiyBYPzX7qgEEu2gIKNuNeQK9Ub%2FctIAjkRlC%2BfqDulcv262Y68xei9QzB9wszxFo1iPWOFIh9yXSLA32BnmCCOlu1Dyb%2B4mYwPGDO08g5cFws0OKSCGZrVTn
2024-11-29,卢昱晓看预告片才知道不是自己声音,剧集 156116,https://tophub.today/l?e=24b9VW%2BMj8vXEbSP94eUHwIIT7PNHyHug3Mjhje9bHQchbFDUVdxuOsy9BlIJnj%2FM%2FmnQFexQqFnYG81UvYBoZD1e5Vnv1YyDhOWYtr31iDmO%2Fl5P6AfkZ4sSg6Cz8h%2FkTREY3Jfbu46vKtxVU20LDbKgtQEJbcVzpQ6ZlSFSvmwABGEm7Tjatwb%2FiB4TC5BFTfrEVsB%2BV1PpCLZgYrtQiz773NSh10lzwGeQ37%2B14dAQGozfq72Mnp3KbqbfIlc4k3W5ENaRuCsPCD%2FznkFgz2Nxc%2B90ufUFq2fR1z04xnsV0YFEKaM1M81xT3rIYw9F16ujqzoNVXEspTJ%2FosPLdl0U36Zx88qoDlucR7QRisQ38DhdveWDQ4wySZRaGj518BbkYMhnZ5yTPxlyPVf86POimrs7BVdFj3IHhwaaV2DpsqB3RKg031xgqRm5khA6k2p
2024-11-29,孙艺珍为2岁儿子庆生,26.0万,https://tophub.today/l?e=fbd67JXJ4Dr7u3PFhiK2Gcnah4YEww1wJPEmIZqPyYMJ0Gk0EWAwEElq%2BIj0DPgg9HyN9P4Fdee5GCNzVfiXB3IfTXqE08ArJ02jwcnEb1lZwADwDgMWcpxXMapyH%2FHWZ2cdHWL7tilVet%2FI9408LMpRKaosBFuVHtsSJjbewObpXgES8fBez0GA8js6vFd5Vd4%2FpY4K%2FH4vvor8Zop9FzOf9pX98wsIGKhlWr96uKeEGoP7BvyBAmn1huhXaKwY0jGKSIsFB60vzaBQWy03TbcXrZoVuxd23cagkbJPWRpFa4N144VbRNhkfw
2024-11-29,田嘉瑞新剧民国版杀手不太冷,剧集 142358,https://tophub.today/l?e=66475j4UlTo9oDl8kZgno9OgGd23VCKaz6c%2F31vj5LL9LJT7wkwTByTEvD30Ye2t4CdxYilMazbzHo1R%2Bvfxu1fEyScLLmhwW%2FmcyV1KCzBj5IhSphbzPilhVrNF6yI0MU3G4vMjcPof6RvxFUu3zTIRCGPWGzdM7hfNrUw%2F17x7B2Xn0RJGNhbehSKml8FNVAVcpdN5NsE8f1d43EW44Gq4cLJR4AzcJeFl3Dkjd6fdsAPq%2BUeoYRoaqtPrYD1T0ocxriKyEG5xjlnanZhV3FjWoQldog8Vpl37IxDURFIQUc8YnL76V2QvSsk%2F%2B4DBld4i5WT7PH7cxFMlo5SlPvC65Vp08w8F8bhxU%2FJaXOn1ggNDcTATiRldYMD6SWxvVxsSqjlf
2024-11-29,央财教授称股民套牢是好事,14.5万,https://tophub.today/l?e=163dwC0lVISim35LzxdU6I9LwXL9ul5aaVHulffpA41fUFf8z5JWTVOimuKVnSONOFV%2BdFDgvK5dai%2FGwZaFgydC%2FpAc6y0IWy7q0yDZ%2BYjJKeOk4Wt%2FPeCfm16XI1GzMK9Pvag%2FCNg3LgK9biLDBsHo5CvN8HqHS6tWUH7TtxeauUtREVa9F6v%2FykHti0uG49qieiJkqhJyTV0klCZea3DxxNeQ6tC3AzucwJi%2Bj4xJH7B3b1S3WFP4B1SjPs1VgzXKjSoOvOSNvCIPSS0VCK%2Fk%2BZMguA32VVeOIMEz70zHr8dC%2FxQg5CF0tGPuX8tIdETdWwn4LfjxmfjRJTKdfgv6WL8oHAhUNmm%2BOBj8ML6BuCwHxFAL
2024-11-29,看雪当然要去吉林啦,11.3万,https://tophub.today/l?e=17d1TVpWjE%2BvJ%2FRdU%2BqFrXxYryUbHnUj2JTaM9XXXPDF4ugek1tMFq3469TZSaPJ3T4xyo2UVLeZyMrMPPyFmtNrF3uLpU3UEB0R3cLZMBLfsIMs%2FXe0x4rK423DDSQ4yEQusUR9AJbAhEIikHW7CV6bQxfEFbSPSBNLc1%2Bxuip97rlb%2BtpFJt3pOisn4krbbGXrH6%2BJOkz5rmASdEJDol%2FSd91Q%2Bqhu%2BwmOTH0C460m9ifljehUPpUeOwW4z%2FBekw%2BApZPMI%2BO8qGQWOuyrpbbgGXcQh2VDZ39mR5eq4Pkmy2IhzZfmJ3su
2024-11-29,筷子用不好可能会成为伤胃刺客,13.2万,https://tophub.today/l?e=4ceeD9Vcm67wsEsznYKugFl%2BqPJvzfecLOdhLQG%2FQNqpl%2Fe51kSxbdBMjmIBFWcM9k9ijMtWVtXA%2BocyEgVMfLCvDp4Dg%2B8VoWXpoqwS3AGDkLccielxg4IwBV8mV59L5w2e6OeDODcNabeE9KJb8YnPbI7zXaKAMnwaoMhpTv%2F2EPh7yW1vzKmd%2FpGMP0LrOi50UbUSafJ0OINcwgLMwnY35BQ0%2BX0Gr0iipbSAnqWInSy6YmI2De6fNq61hashGLb29PF9ilscY0mLvX8ZfTVREUOa4LCdcky2RZNTxE1McixchmnrNv%2Fza%2FcyqaJY%2BNQKAbcuHxzh%2BkhAYgyhHAGRFSvGNm4y2zNTGRNQun%2Fn4dVXRuA18%2BZxNVvL%2BlJ14QgeKUXCHcLCucS1ph%2BJyLaaaZIf
2024-11-29,山东一金店被抢损失或超千万,42.0万,https://tophub.today/l?e=83a54JqAJY782QdmeLXTO6ig0%2Fm0pO6yu0f7Z4%2Ftw%2B7spcMTtDl%2BZ%2FI5YNwo3wxA%2FZfegQ9z%2FJCPVEaDw42Api%2B0AOyAiHgGOEIWkEGwEfcaUCDuYFtTQlB0x8SWsd9AYkRvWrHNMBtasILO6ecmpaRt3oidh37O7nEy7jZA4WmhwW3ET1rlvzDb%2BQQmEsxBztQD4iKlXyC3TTO35KaG557hwGQyAj51qm6lOF4alataupXfLZ8UzD7wq0bGgG9sRH4fBcb5SdA376UkWbl283QLvS%2BKYFyhjbMaPu4jMkJWe%2BOYzbMJyBOSoSB6lIpzWo6eWO2npB8UeeKoazIB5UHYWaDB%2FC1MvlzzsY8GBYhQ99IKPjckJ0BNAXMogckyzfUY44uz
2024-11-29,张杰第一次平头,音乐 134225,https://tophub.today/l?e=ccc431sn5sZV8u%2F28NltjHna5k4APCe9UrwDdgn%2BPPUdrc5Okm8CeIHIaSGRfuhXwSIq%2BrKZjbNQCX3KKxEvru96ekIMwDmtdUvXXl8%2BBOql%2F2AR4buJwUsEr5z0Z%2BXboemPQZaVYbl9uLk2quAgyarMp2rzteNAscywXGRXWln1Y76%2BBgkdWp0LPLvtCE7kEBkeNFiala6Q7U%2BwAXA2Sa3cHhb4QuiXbzKJBRrrTNbbZlkp9BabMMj281ErpeDb3SgA7GbrVWuDvagL
2024-11-29,曾舜晞参加尖叫之夜,晚会 223911,https://tophub.today/l?e=07adxPb7pMn3305RMupKZysBFeb2QuSny%2FG1Dr6GPLoU2l5Pfxbup9oQKXU4NiQyw6FKAlwOijNTec%2BewRSp2y5VZgWEhAOCIFH54z6hgtIq7Rf6qpC63TC2ICMGuv4H%2F3bU%2F9ENL6yJETNQbXlkOLMfR2JfT9EQgNBjiKyQlhXjaaShsbXcWINdzjtv30x4JFO4iSVTaI5x%2FPj4X8LJhvhSGboBfVQRBQCxVnjV%2BIIDhmt84JPK1djPqpc1bzaro32YR6ud1RgiR1IJrTadtekV03gAxs5uuuSpRcOv93etHH3A4cRD5sH9
2024-11-29,关晓彤王安宇再现跳舞名场面,综艺 116507,https://tophub.today/l?e=8e6f6mDRB3gOWERqm2II1D4jfJkf9A7KZF00pcmjxGW2LxHcMMzI1CDG5sbqWID3udKHRkJMVVBub1Nv2sZckG%2BxAljx4IG4AyiH%2FVG64NNFtMLGmwMoDwvDZrhOnwEPyyYp74aK0W8dNIJhFccxqNox4eb4LAI7OpRH%2F9VqGrC1smst7bit6lMRYh3OZzvYxpPwkVd%2FviYhYxFP93mxDpBrKBPPJOMxTeJKrZN5kT24J2z44r5JuYS0QAizIiHOoxRqr94Gqx%2BkzGgwmJ7ZTWsaPJXDKLJ5FCgz32aBbxcHTXux3GnKSIp6kd3CG4I6uWuHPtAnpeXr9E4vK6DHulurE33Dy22YVkwaSqb0xDto%2FkurkKQi3WWzEw62Da1BKsAebrsa
2024-11-29,妙趣横声一同框就是花式发糖,综艺 139199,https://tophub.today/l?e=5a6dSpdkE5o%2FA%2FP7NxJN3LruptHQl0fSkQWkzVoLaTNlwFy%2BYPCbGimLDHw4bH2tXaJ%2BvHrKQHV4tzMRO8mVzv3027EHxZjZwRzS9GSGd8bIOaJtmNcYgrQ92Wb1nf6pPCzS42cKmwwKsAnxyBOb7tsufZX5V9%2FMXP0e5PGzUr9941ZMhyaLIctsI1wRLuo7kh3g7ehqyBLFoXBANn8qkvuVBKHcPqP%2BS9iY%2FsOOplpl5xYyK84VscbMrO93TJQZ3Ibmy%2BX3IlArQxo28GTTBDqiHDnFsbSHKtc4CkNmfrhkjzRaJbDRLxbqNwFe3hzjbZQ%2F%2FUqKHjpfsPLNqvyqj4phO3P3nUMHRtyO9e1cZv5SXSEHgcYcn7sNAoDa7YEb9Isr%2F9%2Fe
2024-11-29,郑思维说国家队的恩情永远放在心里,11.4万,https://tophub.today/l?e=5200PBhK04nJ0NdCxTRHKLBXZawTMW%2BRVBR1%2BCjERgvnLMggZc4knJudg0oGeIpED%2FdUpcjqsU3N4yqGQw6%2Fljiu5AMaHOYnQJLm9XKm6uLozAx92VsBJIqOCpUy1Fx4yPSZ25tEG6T2FqMwfm9LAH%2F7gWAG%2FqzcZZDX6k4Er6Bp%2Br9CD%2Bc3stLYuKh9IBwVI807uvdP3w5C%2BQLD317lAAt5PXjmjcW0SvgOi6LfcLzsRqCSXDCK%2FDl%2BHXlEi6RyZkYTFPZykAlo0yNs%2F1zfXMQeQYCrwEVtPjGgNI193xzOKdOqHbJWoulZ%2FXZDWvy8koXc33myb80SQ7HMr2kap8yj5N5V7y0mkCPqVd9w0D2u%2BslOX6unh1AkPA9eVFmtI%2BKHVQpMYb7yzJop9hpmE%2F3toDFIze1bLAjOQbTdFODsqXMUH0S8WJk98VaahOIbRPK%2B
2024-11-29,孟子义死脑快捡漏,12.3万,https://tophub.today/l?e=5b08MllxCvWeVnJVQOucUTse7jQuY7J4Q6bZbSu2mM%2Btvr9xp4EjZbjErmn0v9DkB%2BwDbhoxCXBewK61nzb3%2Bq60lFY0TT8IkAi%2B6Ow5acO6bbj2jjidpIduAGCeEIRCaC%2B%2BdvHJ8pnu4DWb%2FxCjlvttlwtnko82q7Iwptttm6XoLoqbM3UsUk1rwqB4oRu8a%2BG%2Bux0oTIo4nKQwGaWwMNjHi17KF7J1kjrXphLhz%2F1WS%2BW8zhomYuoOc4R%2Fx%2BKX4819PYzNR3v%2FlpIMXvdTQetf45HoQpc9AaGK
2024-11-29,徐志胜 麦琳同款发箍,11.3万,https://tophub.today/l?e=bbccgvR3WW%2B1hih1u7y8QoKjZbttj6f2vO9C1x1boCJHXuSLJCnML450Z1LF4kT6ESaePgY0ZKXV9HYsCopqHc2VZJ9ACewYKqxyKfIcrxWX%2BCTAFY9vIrU%2B%2FfpcSYc17fqHEhbY%2FJrkbq%2FQZUBL4ojqqKUYpY%2BISK7BmfyjyURLRmd4kqSxLVA50igJNJyJPsP1RpBWJqKehMDtpvXMonAaI0hDjTwwub33C9mLywkyxNrLy25yvV793Ey9S9fu7nszi%2Fc6f7%2BX1FtkfhLgwLa4wdZCgysTrwOZVmkc9ewYfI0qqspEunQV%2Fz9W
2024-11-29,影院观影过程中屏摄违法吗,293.6万阅读 | @新京报,https://tophub.today/l?e=8521mFVrLwa3euoTBoCyyeTfUsaJcz%2BjXG0OuVMizKIlFZwrcoW8sWb6QZ3zjQMVk9LnLy9koIC8hi571q3its8KptK8pX9x%2BDOU9HqcFkZuqBEP4HUPsNAM9waiwMrc4jV0E1U0VXNV%2BezFlx9fyc2TPhjOcwDNoXvBD1ioIzA5rQPDfxXBURQcKsX3UUwRulREM79yvv6%2B3DgZsQmDQ99GL4GREUBsMyd0bVHl6nfMsrLaZx59fHS68Gk9noBJuF0ue%2FbAhKZuteDtkEnXU%2BO72wGk0t47jxUNuCEVudkYi0IDWww74gq35a7lKS1EjQtUh5jfxJ2gs4wYFEluKOOHkywCchtWx9Zzr0ewZkO%2B51yl1bMB
2024-11-29,离婚律师每天接触到的都是麦琳李行亮,23.7万,https://tophub.today/l?e=be31uKC35CgdmGKmsUQRU4EMcSucS4Cy3Som2PqST1ZjamAZqxG4Cv4Z1arKnW7glJGdqCVK8t7O1hYSGLU143BfAqGV1M42pyHzeXyvnozR1S2T9q73Nff0dQN8dgp5TKtUrqMDGAPslhaR1FXEbk5W2Hgl4eSrAkdStQfEIM9BpFLe31GPwxzve9MGJucCPceH3c13Ru3TXr7k0in6iNKDWG7xB%2BWxDsWT6mhnRgFUnrNd%2Bmk1vApR3FuBsQvJiHBAXvLBG%2BjIYzLFK3ewA1DG7u2KR1jHm9XGLFkRxMcxK5zSQfpT0%2BUTtprdPLsqsDngAVeDr%2Brcei1Lvp3Sw%2BqTMPqFQKblNelCIyJ1roRC1K9eIAJsgul6PChezMKG25vEyLsx4FiY3%2B8FQbPi97aYmNl1NVxpJPgleQ%2F8BI7q%2FcHcovt6yDC%2BT8RTcQ8lIw5oUNmlIZZ6Fp5%2BvKj21FA1
2024-11-29,Ador代表希望闵熙珍回归,21.1万,https://tophub.today/l?e=7b42BO0QEfgOug0IEphz1sCOB4dvvN8vw%2BOEJyHmHog21vSRI38xCb5%2Fwe6g7%2FaOutWKIYqWpvR%2ByT%2B8z0LKvEsNmXxIBLXA4YWWLOaQwkc0jj%2FelsX5s91JLF8gXUcG6nwInVZFzeXVxMo%2BzfzaxyxHInPY0TN7y3pFQrsHkjawZcL1JtutpwR68Qcb0GE1w8ZAYHX42rdYUcB5UZRC1FBdwEVO9m9K2u1zf7uSFm%2BAa13i9%2FllvfVXSwjt9Y6WXInMPpGPIiP%2By4ThHxTYPy3xJZTKz40NJhZnWfBv5DyfLNywQNCLCyr6ifJmlw
2024-11-29,成毅参加尖叫之夜,晚会 172028,https://tophub.today/l?e=10bcdEiLh3er61Io8ZCl9S9lC13hy5p6KIrNpf1k34Zh6SfTv%2FY4uUiNV7ckE3TXi9skQcWVZ0qcDn8MtOHmzc9Czf20OV18UB04Kv2i44uENZ05l2r3MkIHX9aKe7fO%2F2bv2wjNEvKR7Deg8ZCIRa18hop%2B1NHyoF5akvjdWu92cIq8xQUgFuj9kiDS0tj1zxMrm5aC59WUo1AsDSBqx3oL1pd2jCUVkFxTtCG7yWP9E5mgUE%2FkPuZE8jy8Q%2BRhjJ3MN%2BT5iNmnv74ucFPyepJsjOgzfLSESs14
2024-11-29,李雪琴剧宣有两个男主,综艺 115536,https://tophub.today/l?e=fdb0UAQrrEiIiRELto74LXElVxzawHAK10i%2ByvRIkCKJpIURDx4vElrQrrVXjB84OXkvk2DHWWjWspE6MoJFcvoHJQgWt2lLoio%2BsY4W%2BiQYr5%2F3vL9QgqiRksdNF86ZFP12uLpCeWExrAnTdeHYZAx%2BCcOdR0%2FsvDv7nb3DT%2B8Lw1CMJpuMiv4RZDvVAOhco%2FYyFPqsjS3%2BI4blrC%2Fv%2Bialt%2FDOKBH3Ulv9gIXUShcNSpYBUSiW6nZxIhSfiLx6dtYbDWyO32VbE8VZ%2Faz2UtwnMsWPUUDd6KTnMWE5pJP2YirOMbvR2%2FUGRh2kmMipG3B%2Bomr5YpoM
2024-11-29,17名男女KTV聚众吸毒被一锅端,75.6万,https://tophub.today/l?e=8ee1PsdJLjDXT0Fg%2BkZKgP6No%2FwaNTpsM6OsHev017psWVBc4fErRlDEQrJRsKNq2Tow33jwJ0Vv6%2BvA60cbId2GlaqHbCok5ySuLxBZWs55LWpiMz6xpwyw2CBo0lytjllpyauXy2b0nHKLXRwI%2BZHR7%2FkO9jiuSRCNuWGtBVwGkfWTePpC%2BmTM%2BMgTKnTt0VOuRhDXmWl3nJmhdWD4UYVKUvNNRm3yAUSQzM%2FKudnwx6wUuHOY54aMXAh7OUXpCZmHgaP1KnyJ3fKFDnM1Wzu%2Fa90uV9ywhEUNCU9InUtyJO7VBghelHY7ddFNv8TUY9WjKODZBV9FtrKkfJYdlUf%2B8XuOYoggpFDiyOw
2024-11-29,你家的筷子多久没换了,14.3万,https://tophub.today/l?e=a076QY2oXDVF89G2v1oN0%2BMZnFjOVls8XNJ59HiS7ZLDhyWNS4LjuLW%2BZbS%2Bxn8yih9pg2g%2B3jdBsHxJ%2Bm0sPfg7bqDRsUXEJuIChLNWlCmjgbwX9B6a7kLJ3%2F3I88XwGzXiXdO2vVPfmnCbzSGDgD9AVl3iTW0MQQUdxQsURgKKN%2FV3a6YRbV%2FgwPO03ts14xsN6r7EpVEKHHI5GK%2F7Cyz9tRX%2FlKKN2Rybryv4ql4IQHH6IAbDhS41wQ7rH50v%2BXQpXgGXvWwnjHAAIfr55%2FOyArV2a0csQwtt4SdYLTs34fj4aa1XD73cS61xzE2aOdgIIvywPRum
2024-11-29,普京称或用榛树导弹打击乌决策中心,273.5万阅读 | @CCTV国际时讯,https://tophub.today/l?e=dc8a9aPL2Y7dkMxpPWx41iam6zQlYHY3Fj%2BCb7Jjkpx0gOdacaUBPyCGInBfRY5mLFrWPcRcxRf4lFyJ9eMWLx2bzdaV39R6thXpNRb3jA76LZ1ZDcprkQhsY1wBV7F%2FflUF7LHzvJN77sqncT%2F1aM8OS4KB7ZkV6Wv5Rm4AADWg%2BUZKzQiUbcFBTgbtGBvKDmgtQH6ckHYOPINxkLXs29DBl9RXD0LSW9MrAruw4Ip7GZI0goS2eIB681yh6WHGWWxxdWk2qkEINBYIX%2BesmyFXXU7ky7bf6EIZMOVUca7u8U15BM6pzo2nQa8Jq6slCYShpWLeazFzJlk9eNXpiOFkVbBkt9kgQ5SddhQLLNAlllGV79wsVVDg5%2BPMG2rxNzyIuvD5iFzrAtA6DxtE0aurVHcgQMtnZY49vpzq9kaQUsalL2DMVWETdEOup4Y1GijI
2024-11-29,专家称野猪已是危害最大的野生动物,337.3万阅读 | @红星新闻,https://tophub.today/l?e=df86SRPku5nJKw3e0WVrO%2BLT8GbaATN4QraNKWsVxq8Q%2FzDHQ2E6sLocUrEzHHvmgAINhEvhUZ2UbxwPYF6DM8YtG%2BtD3fanupG2JLxK69rLxcAAH4vqCjz8syUWCLhBruox20RHX6RlyOixgq3NE1sU96tBujAX82mkkLoEobYYJgIOMt8zxrYJ38XvAA25nriOOw8wgNwaNmwE1T4bahKLxphAbmz9CbgmyYushWGPo2foHZzlxlz5wpLog8nQsr3I64koje12T9rLVkqTmXVRwE0pGx9CYB6nl2swji22tTqFMzTAOyVKlROv4NtX9SW2mF%2B3Dd%2FfrNQi%2B6R0mlwl%2FfoORUTGv%2BGb8vIqt4YsPKduE1RT3EImbXT1QTbzsaohbSiOZdR8dOtq%2BkbyXyjs1W7W3z9uu2M8oX%2BgAeQJB7HgkWfd1FdSwrAF2s2kKIyF
2024-11-29,王海质疑李行亮麦琳争议为剧本,18.1万,https://tophub.today/l?e=fdb2DkeSk3eLgK%2Byan6a%2FUJGK2gDmPf3uf3JgxOZ%2FmOomVE3xJXqseDtNwD1mTVt2iuwEpvbcDmE4M%2BZ4SsOl%2FpMEudcZivpg7d65NK0STIuw54mKfQKWxWtCVbMc3RSXMdF2%2Fz%2B4hieMKZDnXKbtyW2gbOauL6YkCzHuHFF0rshomvPmPeOA8VIFb2rOnzO4DdC32EuETofg5zxfZUojYnLI8MmBLWBeYJRu0krgC1lni7WEVXHRO%2BPvfWXQN7y6z%2BjYE0XSHEcS7rp8LmOH9fp3nkxtVDsZ%2B9YhPjJA70UFaajRsQ%2BIzbs39TehIo6TtczUMLJ7KMHFASp8nKfj11MUPz1Dy4Cu9ne%2BZlGm1RpvluQsXxtxHXRrne6u4Dk5S0HToQ0dSXp7TdLYTwDy6%2BcfIrz
2024-11-29,腾讯黑色沙漠手游停运,13.7万,https://tophub.today/l?e=e409g0Ji9FHgh13OH4QHSYMuEtjCCxaoTxAKmRAyOA3pnVCSeQp9wbNbUb0Ps3feQtWzPwD44FNltNoI0Aw8k%2B2kF321cBtgV%2Fua0u6iADoJcyoQY%2FOeLW4sm04YN1h2IV7lRQWmIxT8xJ77g7mXmUdWtEr5bXMWKly%2FrnGAR9DZ7Rj9j%2B1XVoZcPb02mfBD6yDUv6yob5pNYX291qnx0iiAyD%2FNDG3M1NfgoVkXxYcQNnEuhq%2FXMSaOdimWrkh2KhWsk0fJV4vmdp0OR%2FBrO6rTkNv8h%2BGAduRjPoTjZvAzmdWWlCbaSpJjzVInK291pTmY2x4AwwOx
2024-11-29,老瓦杯海报马龙C位,21.3万,https://tophub.today/l?e=aa23EDnglFM93hbr%2FqHdWLrRMGrXJX5RNPUAy6%2FF86xT0L25lMTudhT941Cboty7O7syo22K8kTgWTvB6ghx0Co3nxknMF6wWsDZgEhsIHa83bNFIc3rslLhXnpvyUvFdIWUaZvYA7hh81N%2F5jlBDxpDwGz%2F1eCW4s1Dw4zcUYoM3K3TZ%2B5JzVcYuUCebxnbaC3QeXPARM2TsEdH5noUfewVuuxQYdmYyMiztXKVFVIC2%2BkuM5GOLwQsWStf%2FT8Ge0W9OXPUvZHqzFFw0oi%2FJQpAmtx%2BE34j9OIsfg
2024-11-29,贺峻霖一路繁花录制上班,综艺 114417,https://tophub.today/l?e=cc207AKV5bW9aJOZunSArtVZU%2FuMenxY91JZpYN5MvxrNLnaVVH8rXBN%2BYnV%2FklNydcLh4%2FwSvV2Ggm2ShRBj9vXb9e%2FyiCzHGGfQ82kCWgqJEXCADZld9d5kRScJ%2F%2BKlXjkjAHJg4odeTBakZ%2FoNbRHGfkQeKQ2kaohUTvT%2FvOfbRYvIdLX38xr7mFGSU8aFe32dQAysYvfV227RX9zz%2BDp8fZ2yoKa0%2F%2F%2FxrutFKcnz2wXiceWtQ21fTmia6OMkKByA2iyZQwHiff6ymQgd3JcbxNEN7bM2Wi%2B%2FRufDuZ26Tg6iLZpEE6UFOaBmvemedBI%2BgU68kUafSEmAX0qNqXmR2J8uSaC
2024-11-29,丁禹兮海岛副本今日上线,剧集 91098,https://tophub.today/l?e=401fGe2S5JLjKaPdgRx0HMa8gDp9fgYquRFqT%2BN7DlN0OKYp1a1rzzCJcf1KmDc6G0z8auKBi1mbMzMvoeSKHwLmSCgBPM4OMlBHe1GtDK%2Fx%2BWMjoRXAsNOICBlxcsRWFq4aDjEfz08d39tWVPz%2BUNWQMs1YXkDIut8JrSONlm4KqRZPTYUyFud1GGmLeDMArkxPAxQwSVhzwudKO%2FV9ziqTdzMI0KDTucLy%2FVZMinBfvitudEMtXiBKtB2tGOW1h3bNJs7x2Q%2BroFpFKKkcU0vtKaAmhCcLIbUHMbKpaatodpiP89iNtm%2BaQG8NNP6JqMg1PkvPN3y1zZ7aaqr6irKW9rxHoHS5
2024-11-29,张雨霏跳新疆舞表演经典扭脖子动作,8.7万,https://tophub.today/l?e=29648HLoXKptDUrLfcHTlQWgDgE4taB3DqwU44B6ngSkaX%2BYN4eLYL8FZpxiZkifG5vf1jqaEx6%2FkBH3pKct5QpU54mn6PbkehW9uReW5nczIl6rRC0%2FsGaCfUMaTtKuG%2BHgf21WqLJzuiGwxS96t7FpckPwmJVLAaiBDdXJegeTFFYpHJFNvieFjPjHNkgRWqI3OYZM2T7hO0R2UvIunKvIXmUpx2AgprPoZDkjiecSW763%2FtjLXyz11KdgkA6EbiYqEDX0PVGAunN0IqVD84hqKPJ53fv3gVIBwdifz%2F9DDfXJoBTaLRZpLKWjugHxNggPGB%2Bpjhi3dke%2FCUVR3WVHiga1U6PZqD9wQ9lR46%2BZISZA8yJxg1p392OJrMMDhRwJhVn9yivS1CaVP666Gha%2BEtEkGRP2plcycCfW7nh8ezwONxr6lGqRgzI6wMgIX4fs
2024-11-29,张杰唐嫣荧幕合作,18.5万,https://tophub.today/l?e=737c1p13fouMRfApNAXg5hhdIXxpTPrggXzD5NNnByYiyfwF14%2BWBKOJn8zKei0b%2BGwRSM4cJjKSwSkzOVlzlla9l34NHFwyQ295IWHU01Z4xdEWvX%2BwpqWu%2F5nvbnKwdSiCVM3a4f6R7ZWe1Q4lDLpG41LnD%2FoXdV6KifnEW2eBpPupSPlEIvg1%2Bq6%2B%2FeHdEnBpEeEn497SAgjr3RiK%2FKyj2jFOA0ty1U4YyGOBL0yZu7TEtrVF5M915LmbRFoSutZ7KhOHVakrxiIjSUmb3krW%2BIxeukg9Pe33
2024-11-29,LWX说诺夏太菜了,20.9万,https://tophub.today/l?e=f34eXBRevou%2FPeT3IAJ1zR%2F7Y1paiYWOXUmk%2FlCiShpA0e3epO61pwUs8rilvgF7f6kNTIEwCnMCn38p7JgHQCJEq%2FzvkAFcy0obl3c8OrilhpHUCX7UpIvy6hQEmEZF2wrRkaiYnYY%2BSgbye3MZv0otbC5pxgOhJinSof1Vg5s4k%2B%2BkOcLV09AfWizWSuF9oabjJoquBgZJbMGjbZE2HgswWZOd%2Frsdm68v9i3V8HT0k%2BPiAB8dXuDJIfQM2QQL
2024-11-29,这样的新疆棉花我支持,688.9万阅读 | @热度新闻,https://tophub.today/l?e=64e9kmq2SXhPR05bwakilPQZo%2BZNzFNRWY%2BeFtVjs6R5evJ4kD6G3oIcIwoADrRvcIcZyjtrnKHB7L5zZFKDAeQvUwPseZoTikiP7gYZexK9wc0EX1KcVII3DZmrDisoIU0INgXyXupP9NP9GVpSdg5HVAz5N%2BRxX67%2FkEJMToQGEpzPBJ0VGggV%2BYg%2BH4xG%2B0PSUkI5WaWLSkM8AkmlsWmb0KRhWbUQLWmiB79k8rH86v2IXn17%2B0zsPVrYLNho6UE89tDoQj1WrXdrRe384mUWooDjSQABHgcTRDJX4%2Fw7FcUOo2BGQik%2BsnXnHMVuvS5pZ3tFi4XD
2024-11-29,奔跑吧揭秘穿越千年的东巴纸,剧集 151335,https://tophub.today/l?e=bc90fo9l8j0DZ%2BhJ1rQoy5cwvxk%2FLCXf8igQ7Iy2TJ7bB7iyT0HbNAw6m5IIhJ7V8MEmUNM4Ts69u%2BBezkPOUNS%2BPnvf5hUVcM8%2FmXcx0QWdjKInF7JjssRJXs773ln31jKmB2VysSKfgEolILCIebreJad0LC46WzwXBwnA0Yfe2Kdiln6vAEBFv%2Fexq%2F0G6q5sDqeCAF20NuvfDF%2FFzfRxOz5PBxLgX3JyR%2BBM2akbJGoizKpLohlWyxTmXrB0bHwE18mTts47qUOHCYuAEa57fYSdIU2AJWd1nmYIMZhwa4X%2FUatT8lh3DFXrxAUm5wxA8EDVAoyQ%2FS2uwuuS%2FTh6nJOv6VAxVhkxYiD4i1fHVa5Iy63BFdqrwGQWQedoapKxVZnq
2024-11-29,我们内娱有自己的李准基,综艺 241310,https://tophub.today/l?e=212bE4fV9PNoMEJ3omDD0ei0TzTGDLpUpv2%2Fk%2FLjLcRZEJw%2FFuGuwk2qbjHwKYSMi%2BAxFwMrP6ypbmLnyCCeNqZdNZ1XsKG19WzBFvSXADqMYS8a4I5crsntXMU0tPd%2Fr%2FxEFY4uLGGmAn6%2FmKTZUpG%2FVxp2Lh6V4LGi9w6vOXvtwUSxvpEIJxpveBmeWJmB0zjs2B5X1sjwT%2BT0xIwinbvE2KJUp33WHP3tWfPoKAXBvpt5ZlhN788gcnZthNg5hu7nyTuGS1PvVPZkZ7SU5cR7cycW2XdE7eeiH%2FWJ%2BQP2OvvQJpEcdmFqdppZKlaVWBIJTfAeiwO4ZDjelsSrY%2FE3KAvjf97R
2024-11-29,辅警因为一次好奇9年后救了一条命,42.4万,https://tophub.today/l?e=d5efRp%2FEbm43aiJ0L5IO8sKPgXNoMxrJY5qUDSgLzJ3KmzKv4YQmr2r5CFgsS%2FSjNlr6ehaDBI48ZrAmh%2Bjfzq9eQFxinTVZxnaznKfCESbPIuL4iRTJy6c0P2DWEi6jyZ0Mku0xBHqKe9nxbqnF8Qp43lNtItxZxGOSi%2BfQ08QUKQXsGEtYptnuuEz2TQYyOUnVwb5R3WvQtsNAXgrOk%2BYlM2RuExSoA84V8mNNW7DTuLvIM7yK4KGKPwvCweFmP%2BZVz0B41cCVkwNvyvXir4MNs9HfNsXBpVsk9hX63FZMv8CDB7nKHGasrFI81Qbl4lVBhB1EAY6tn0ypP9XF6I1Xs7YDEcUkPgJHXLLK9xyzj23M%2FPexM7kAiiDciuffQFsyObFrBVGIJ5Go2iwiCnp5Ekm7cGYeq%2BhL5RZTBqYCyJeyNg
2024-11-29,张小斐佟大为新剧 再见气人,12.6万,https://tophub.today/l?e=63a3PXah5WhQzBdTCBmQ%2B08GZ2cARsy6LNfUMLJ4KFs%2BBjHWWNUjOKjk9BoeEEPdddjmF%2FUjei8ckRkGqXrX8iDKAK31TJAPA%2F9Qm%2BVetQbD8Kbj29Ni%2FzT0duVQQ%2BMViGvZnhN1pfUDjthkrUEsjQDorDm83%2B2nEy7t%2F%2BLzaE5yLU53JPfWwoLAU6a8jUxKHZgu1qHC2vH9WdobVNzCu0OA5EAVVOXh16NADTZKk09EGfEuG5hRlAUi3%2FMwJl4VYKktoHZyUkhQrChUkqXbOy9a26wUsBWvVbm74u8mZGec8D%2FKbWfzb8kJueXrqw4KCEsrOr1onzm0efq2Z%2FoiTQHqEaLLcQNZkDPm%2F6rHPTFnX015jq8Hi%2B3m
2024-11-29,网易辟谣网传深圳公司全部裁员,286.1万阅读 | @澎湃新闻,https://tophub.today/l?e=be86RJnDyK8gbPA%2B2%2BEGqQjrdr5MrPi%2FT8pUOesuBKpQhow49U0PSyiGUovPxSlIMDj2SAD14H50pFQdUSXiJMvAA%2BlNrgFS2vaZD2hJFEburNhVrZ5Caplb9LT36XCxKCasqHRQy9vsLiAbq8FzGs3Ou%2BgQCEYhXQnp9G9DGGpv5VFRm5dXAU%2BzH42U%2FccL%2F4bo%2B79uO3cBvnjp09RiYM84r9sEkTorO9eaAsmJ%2FFpXmEtvd8Jk%2B0v%2BftF1%2F5OylI8BCgWeKb2BEInxImFdxem842SiZl3EuSEI4gdTGgBBJeqwv8sbGWkIbmR7DpXtD4jfOJ%2FOrhwM8qeiA8yfCKvZIVM47%2FuhXNhwoVe2%2F%2F2AT1kKhRZGhHs2wVQQ95%2FDZc%2Flna0Sz9d4gJF%2BjlV%2BixZO%2F2Fh
2024-11-29,南京晚高峰地铁隧道现野猪,383.8万阅读 | @极目新闻,https://tophub.today/l?e=9602gqvqiNxNYITf6%2BP3nTDehsIbpNPavPjMEhQycykrAxHTdpMSOFQ%2FEr7rwzGcUM8DFl%2F9utQZnGP7tUFNMfhudL5TXOGwQGOYDck%2BBfIuYnqDybbOC36Ua2bjcE5jjfOA5bcieigW3Aq94FdyK0hoReAYHuRP%2B3KUZ8bB%2F%2FSG2FiopHQygqvDt9fWoRBK44v%2FYa05R3rXGP795uUhsB9M%2FyrbwL0e92kWaQOBxfao%2Fe6OZVo%2Bk9TYPIL5iy1mCexGrtZ3lvEuBLKtG5qbrtKiPZRAAPcta9nmyyJqE4%2Bm5c9zksaXjFMuP%2ByAS14C7Wl2Q9XDKwXAr98XMY8f3%2Bd5TBFPWVLCpPmHYCS4cEDCrkQtug%2FD
2024-11-29,南京地铁回应晚高峰地铁隧道现野猪,423.0万阅读 | @极目新闻,https://tophub.today/l?e=5959DdmeQjDWv7DCMrK3ey%2FGMqelhKtDoWituLZf5vGX1P60%2FSMkSu89jbbHRKlIPeF8eFOMkZE7aZ6cuK0Qi55zaFxZDN98eUYeU%2F9cumGUr7NL2bUlqME%2BmP%2Bqdl9VyEnLkKEpnev1q2rYrSL9Bmk3HmJNWDvfKUxapwcIbzMXekxqC78c8H4%2FMoRqYWwwdHBSvDTffttBRQtM%2BdOKjdR2VNJreQP%2Fh9vJsaXZdbWXChYnScpEJzGgsGXrhISmKSArrfRnJs7wPeE3QPcCMBanUfA3Fj%2FbzTUhsu1HE3j3buE%2FVNDODd%2FQyviFuA9jPF%2BZHgfkckHS0gWe5L0xVrGU0EPld7hSJb80%2ButV6v%2BxiIfB34jBepE8vlGwBI0K1f2e%2FL45tS3CvnO5v85rGb%2BTDNNafwXncXaVZ%2BtAaj58507qj8Oc%2BFE4O9zAHVkFIur7
2024-11-29,留几手和节目组摄影师吵起来了,综艺 187615,https://tophub.today/l?e=096d2JmL339BBCQ39PBaJgmkFn9n4M3JhiG8EP6lwAL4g6zmrKbwvvPX1nS%2FrFgTOakj7MD7P1fsTPtX%2BPtT%2FCQiaXD0iwuticzVhalJ98F4gcuxAoXyE3po0%2FMWIbHXMjnieS2YrE9nEmDY%2B1uckLds2TUcAgAJiVlf6OKr6Kn%2Bf3dB66JyNnFK4wwJZ8JY56Ed3uM7v28KH%2FRz4Se%2BSzThw4CMgWSTha2x%2F5Orkn3L%2F%2BcnZTeMSnhEPB6G5L9ntB19WQ6HJ7naeG%2BzYYD0GRx81XdJfUACqd6xnUxR1aDe8LtI00ZEfWZDhGpoMGOWDNpIJOhNIJbM8%2BJ0U9oQnXHV538o%2BxDZ%2FrpRD%2FKYZpudFvaSAVzhSpEIgdtrKtGUu1trPo18QznMXOwoP1LtORoT%2Fi9o
2024-11-29,老人吃腌萝卜后中毒整个人紫了,18.9万,https://tophub.today/l?e=ed7aXBybsfphqm2efGb2IQBLO801yeIi2j%2FSOVlExocVTcXk7n4NXXlepEz9lIdlQadVs0L6Ww2hPlqL04yzE2O7dp3BRT3frIxRs2dDLB4RvmZQ0up1cPq9qYaT4ZZyYaWuAMBY6%2B6dTC%2FvDqHo5P6%2BCuqBc0rXZAsCbp6d18egGx5819eOpTPZa5mYUJnjHvBEKdnci%2FKVvzFrxpBK%2Ftjka9HxhL1c7SCQUMLiy8XKWIBpuEWoFuS6HhhzZweHwb04DFdsr2wSa1ImA4EG9Dq3H5%2FnhsXUagbe%2Bs4mgGD3diib3fynejHSXEPQDBnDNCa9TsdytJdp8pxBeg3vIagw7YXQnK7aD1M6pnjiHuR0q9EMvLP4ZTeidfo6KTGLMHEU6VxUJReIynmDjaqOxALjds3X
2024-11-29,丁禹兮 我真的没有在晚上背梗,12.2万,https://tophub.today/l?e=b10caxk92qAMhcg7wneaJxfo8%2Bz5mm%2Bx%2FtVkIq6GEgMnlIUn5LMJaCNhIaE2t%2BrmL%2B7ujjTSIgfTVcgeILYIsgN2GBVRFhkV%2FWp6%2BzQH4nhoTlr85R4LzTI1tk69X0p4IwpBaK8v63VTrjZ%2BHfToWofZdSEtZaWjjUNn9fWVzXNLJG4J0NesDxshi0W1Wm8u6aWoLZrentagkYYlVwC0qp87dHIyGbn6zX5Pd4xcpxDl2kq%2FxIoUJ9i%2B3GZ1c%2FfkG4HXtYggbYEmh4hPv3VlN3MiLiOjVdp0EmW4K2Icnv7ArPYAg4u21pe8PGz13iQxqZy6RLHqlI6ial0HZe284U69YUvYNAST3QLYf%2FXmj7%2FndJte0OGPZmCtymreg6nzHOPD1gaY93bH
2024-11-29,破地狱定档,电影 108850,https://tophub.today/l?e=5f24yaEaQnUkT14d6eGnr5m8Q%2FWmGCwHoXbAs3C8L021WLLdpvhL4exUabZw1hyrKrlCYvSdg8udsALpZRGZ8Mjc2cu60t4GJ0SRmzExMmO3ccFBeLT9P146cBu%2BFJcTBP7xUp2ZGTMUfOBPJInA9emDuC0bGLq3bNav568EkBeyLNz7LnfOFM2VIcGC1bIVfi7hWluo4dgKKoqxnoJU7QgDPXbJwXC71Kdr%2FxPL
2024-11-29,Ning王队战胜Icon队,17.1万,https://tophub.today/l?e=70dal%2BDJ1E0i4yKZ2fmKPm8kKEITUvrQxfvG8Zl6kOvai1BquDpcAuR4cv8XNyvc8SAIqhhAr6Nl%2F3VcitrB68d8A7%2FS7%2BSI9XAV7wcWEZZYiVdUCRDRAY5WFhMgb2BUE6UFTa6zDHLJZFg1fUZJso1HNHilQwiHD5O%2FwhGUpXFk6N0QxSidQgkpq8BOuXsL4EmKbYSiSpZOVkuYdmJdKA3U7LwgkQwas52i9%2BUmKtegPwnbchs
2024-11-29,幻视奥运冠军幼儿园午睡时候,16.6万,https://tophub.today/l?e=19f2kaEYVou1QBdUNb2usDcY%2Bypfy5VtODgELyaTSC7TIYSabhjbzaoc9%2F1wn8umTB%2FeqvPKa2OKwU%2Frm1yS4%2FTBoDZrftLeUpS6S%2BVIu%2BFhTaKqlqezhb4362Uf07jn371VB%2Fzx%2B%2F2sCspJNM6fhsz%2BzzDeuBiZSw2itjEx%2FrVAw%2FX%2BiRdTvOsEiWz092gioGQJp%2F8nAHIyFuGaRSWPXRGe7BBqs7Ikb5JZ7PivR8G6x9CAIbkE6ooEJUMlP33tLjJl4Qcb8ulsDLj4V2E24wCdCzNOGYsZuxwn4MjWajkNqfawnjJCZhreXw7V%2FIvAeuySV%2FdskhupaBZ2d3TpiRTgw0Gqlv9Xoq%2FGWDrc22XhbwZSBn6BIpnFeVHKFI8IrA2bnsAn
2024-11-29,声生不息全员合唱好歌献给你,综艺 124385,https://tophub.today/l?e=b9d0yL6lpNTVIB0HtQgVLhbVKlrGtannS%2BkUK8lu7m2LpzbbwxMAE%2F6vUTbv%2F3xt3XZ1Mk0LvhyfWM2Lpgmul06vImj5PUVBpgCVxnzZCPmFB1Gh7qWTs8wa8TFj6SDpu4IExxC9vVOvf%2FzgstdSDzv4SRRKNZTgVw7u58eGlg6jqUbhjzWzGsqO0kTRealdOaTUKb1q5cj3EHbwIyzIyUVZNyRK487RCwaAf04ufUXP2nEgmzrUfzgn%2FZs%2BB3nPAm1Ax%2Bd2fHQ9foJR2BxaSRPAIMEUX8YMYwaCvtHEOnHnwLbOGfQ1jQU4g89Or2zHDSrPaLUCH0L%2FYuDL3%2FsFOJeSWIh73tOsJ1MP2K2JGrPCGo8PKGMW0u8KJMZCVYs0lt%2FLQk8n
2024-11-29,胖东来调改永辉超市25天改了啥,25.0万,https://tophub.today/l?e=d51ayicmNpo41GkKgYltILCUKFucWolPxlDepb8kz5hYXATNoVBCdvW%2BzmP%2BuVVrQYRx%2F1mxyjx4yqV0KGVLkI633yoFExUZVKpIKEaPmr20hUz7ZfecSofWGwPySAcezYJKKnzfuBA%2BAl5ZulQ%2BvRjln1VQbUABkj0VSmtLrOXT5yTNOyC5Gx3ArGvvNlvx5a%2FPCp%2FFc5U1r2ULn%2FFiy%2BKePfrm3saC0OHUEFjUEPBu7PS%2BNe4dAr6gqnqaQV2nfZHnkzohszW0UZj0Tsdg%2Bz8QfgRSCbfa7alJuWMAQnrQa10VqqH%2BUor%2FF9mMoSpTrAMIk5z0jn1XRasU4jJHhQglvxvLXFeOu55%2FufNxnZgJmR6gHmPm3U4FpRAJyZJY1RdgzPehMYs
